org.greenrobot.eventbus.AsyncPoster	AsyncPoster(org.greenrobot.eventbus.EventBus)	PendingPostQueue()	org.greenrobot.eventbus.PendingPostQueue	SOURCE
org.greenrobot.eventbus.AsyncPoster	run()	IllegalStateException(java.lang.String)	java.lang.IllegalStateException	SOURCE
org.greenrobot.eventbus.PendingPostQueue	enqueue(org.greenrobot.eventbus.PendingPost)	NullPointerException(java.lang.String)	java.lang.NullPointerException	SOURCE
org.greenrobot.eventbus.PendingPostQueue	enqueue(org.greenrobot.eventbus.PendingPost)	IllegalStateException(java.lang.String)	java.lang.IllegalStateException	SOURCE
org.greenrobot.eventbus.EventBus	DEFAULT_BUILDER	EventBusBuilder()	org.greenrobot.eventbus.EventBusBuilder	SOURCE
org.greenrobot.eventbus.EventBus	eventTypesCache	HashMap()	java.util.HashMap	SOURCE
org.greenrobot.eventbus.EventBus	currentPostingThreadState	()	org.greenrobot.eventbus.EventBus$1	SOURCE
org.greenrobot.eventbus.EventBus$1	initialValue()	PostingThreadState()	org.greenrobot.eventbus.EventBus$PostingThreadState	SOURCE
org.greenrobot.eventbus.EventBus	getDefault()	EventBus()	org.greenrobot.eventbus.EventBus	SOURCE
org.greenrobot.eventbus.EventBus	builder()	EventBusBuilder()	org.greenrobot.eventbus.EventBusBuilder	SOURCE
org.greenrobot.eventbus.EventBus	EventBus(org.greenrobot.eventbus.EventBusBuilder)	HashMap()	java.util.HashMap	SOURCE
org.greenrobot.eventbus.EventBus	EventBus(org.greenrobot.eventbus.EventBusBuilder)	HashMap()	java.util.HashMap	SOURCE
org.greenrobot.eventbus.EventBus	EventBus(org.greenrobot.eventbus.EventBusBuilder)	ConcurrentHashMap()	java.util.concurrent.ConcurrentHashMap	SOURCE
org.greenrobot.eventbus.EventBus	EventBus(org.greenrobot.eventbus.EventBusBuilder)	BackgroundPoster(org.greenrobot.eventbus.EventBus)	org.greenrobot.eventbus.BackgroundPoster	SOURCE
org.greenrobot.eventbus.EventBus	EventBus(org.greenrobot.eventbus.EventBusBuilder)	AsyncPoster(org.greenrobot.eventbus.EventBus)	org.greenrobot.eventbus.AsyncPoster	SOURCE
org.greenrobot.eventbus.EventBus	EventBus(org.greenrobot.eventbus.EventBusBuilder)	SubscriberMethodFinder(java.util.List<org.greenrobot.eventbus.meta.SubscriberInfoIndex>,boolean,boolean)	org.greenrobot.eventbus.SubscriberMethodFinder	SOURCE
org.greenrobot.eventbus.EventBus	subscribe(java.lang.Object,org.greenrobot.eventbus.SubscriberMethod)	Subscription(java.lang.Object,org.greenrobot.eventbus.SubscriberMethod)	org.greenrobot.eventbus.Subscription	SOURCE
org.greenrobot.eventbus.EventBus	subscribe(java.lang.Object,org.greenrobot.eventbus.SubscriberMethod)	CopyOnWriteArrayList()	java.util.concurrent.CopyOnWriteArrayList	SOURCE
org.greenrobot.eventbus.EventBus	subscribe(java.lang.Object,org.greenrobot.eventbus.SubscriberMethod)	EventBusException(java.lang.String)	org.greenrobot.eventbus.EventBusException	SOURCE
org.greenrobot.eventbus.EventBus	subscribe(java.lang.Object,org.greenrobot.eventbus.SubscriberMethod)	ArrayList()	java.util.ArrayList	SOURCE
org.greenrobot.eventbus.EventBus	post(java.lang.Object)	EventBusException(java.lang.String)	org.greenrobot.eventbus.EventBusException	SOURCE
org.greenrobot.eventbus.EventBus	cancelEventDelivery(java.lang.Object)	EventBusException(java.lang.String)	org.greenrobot.eventbus.EventBusException	SOURCE
org.greenrobot.eventbus.EventBus	cancelEventDelivery(java.lang.Object)	EventBusException(java.lang.String)	org.greenrobot.eventbus.EventBusException	SOURCE
org.greenrobot.eventbus.EventBus	cancelEventDelivery(java.lang.Object)	EventBusException(java.lang.String)	org.greenrobot.eventbus.EventBusException	SOURCE
org.greenrobot.eventbus.EventBus	cancelEventDelivery(java.lang.Object)	EventBusException(java.lang.String)	org.greenrobot.eventbus.EventBusException	SOURCE
org.greenrobot.eventbus.EventBus	postSingleEvent(java.lang.Object,org.greenrobot.eventbus.EventBus.PostingThreadState)	NoSubscriberEvent(org.greenrobot.eventbus.EventBus,java.lang.Object)	org.greenrobot.eventbus.NoSubscriberEvent	SOURCE
org.greenrobot.eventbus.EventBus	postToSubscription(org.greenrobot.eventbus.Subscription,java.lang.Object,boolean)	IllegalStateException(java.lang.String)	java.lang.IllegalStateException	SOURCE
org.greenrobot.eventbus.EventBus	lookupAllEventTypes(java.lang.Class<?>)	ArrayList()	java.util.ArrayList	SOURCE
org.greenrobot.eventbus.EventBus	invokeSubscriber(org.greenrobot.eventbus.Subscription,java.lang.Object)	IllegalStateException(java.lang.String,java.lang.Throwable)	java.lang.IllegalStateException	SOURCE
org.greenrobot.eventbus.EventBus	handleSubscriberException(org.greenrobot.eventbus.Subscription,java.lang.Object,java.lang.Throwable)	EventBusException(java.lang.String,java.lang.Throwable)	org.greenrobot.eventbus.EventBusException	SOURCE
org.greenrobot.eventbus.EventBus	handleSubscriberException(org.greenrobot.eventbus.Subscription,java.lang.Object,java.lang.Throwable)	SubscriberExceptionEvent(org.greenrobot.eventbus.EventBus,java.lang.Throwable,java.lang.Object,java.lang.Object)	org.greenrobot.eventbus.SubscriberExceptionEvent	SOURCE
org.greenrobot.eventbus.EventBus$PostingThreadState	eventQueue	ArrayList()	java.util.ArrayList	SOURCE
org.greenrobot.eventbus.SubscriberMethod	checkMethodString()	StringBuilder(int)	java.lang.StringBuilder	SOURCE
org.greenrobot.eventbus.ThreadMode	POSTING	ThreadMode()	org.greenrobot.eventbus.ThreadMode	SOURCE
org.greenrobot.eventbus.ThreadMode	MAIN	ThreadMode()	org.greenrobot.eventbus.ThreadMode	SOURCE
org.greenrobot.eventbus.ThreadMode	MAIN_ORDERED	ThreadMode()	org.greenrobot.eventbus.ThreadMode	SOURCE
org.greenrobot.eventbus.ThreadMode	BACKGROUND	ThreadMode()	org.greenrobot.eventbus.ThreadMode	SOURCE
org.greenrobot.eventbus.ThreadMode	ASYNC	ThreadMode()	org.greenrobot.eventbus.ThreadMode	SOURCE
org.greenrobot.eventbus.EventBusBuilder	skipMethodVerificationFor(java.lang.Class<?>)	ArrayList()	java.util.ArrayList	SOURCE
org.greenrobot.eventbus.EventBusBuilder	addIndex(org.greenrobot.eventbus.meta.SubscriberInfoIndex)	ArrayList()	java.util.ArrayList	SOURCE
org.greenrobot.eventbus.EventBusBuilder	getMainThreadSupport()	AndroidHandlerMainThreadSupport(android.os.Looper)	org.greenrobot.eventbus.MainThreadSupport$AndroidHandlerMainThreadSupport	SOURCE
org.greenrobot.eventbus.EventBusBuilder	installDefaultEventBus()	EventBusException(java.lang.String)	org.greenrobot.eventbus.EventBusException	SOURCE
org.greenrobot.eventbus.EventBusBuilder	build()	EventBus(org.greenrobot.eventbus.EventBusBuilder)	org.greenrobot.eventbus.EventBus	SOURCE
org.greenrobot.eventbus.MainThreadSupport$AndroidHandlerMainThreadSupport	createPoster(org.greenrobot.eventbus.EventBus)	HandlerPoster(org.greenrobot.eventbus.EventBus,android.os.Looper,int)	org.greenrobot.eventbus.HandlerPoster	SOURCE
org.greenrobot.eventbus.BackgroundPoster	BackgroundPoster(org.greenrobot.eventbus.EventBus)	PendingPostQueue()	org.greenrobot.eventbus.PendingPostQueue	SOURCE
org.greenrobot.eventbus.SubscriberMethodFinder	METHOD_CACHE	ConcurrentHashMap()	java.util.concurrent.ConcurrentHashMap	SOURCE
org.greenrobot.eventbus.SubscriberMethodFinder	findSubscriberMethods(java.lang.Class<?>)	EventBusException(java.lang.String)	org.greenrobot.eventbus.EventBusException	SOURCE
org.greenrobot.eventbus.SubscriberMethodFinder	getMethodsAndRelease(org.greenrobot.eventbus.SubscriberMethodFinder.FindState)	ArrayList(java.util.Collection<? extends E>)	java.util.ArrayList	SOURCE
org.greenrobot.eventbus.SubscriberMethodFinder	prepareFindState()	FindState()	org.greenrobot.eventbus.SubscriberMethodFinder$FindState	SOURCE
org.greenrobot.eventbus.SubscriberMethodFinder	findUsingReflectionInSingleClass(org.greenrobot.eventbus.SubscriberMethodFinder.FindState)	EventBusException(java.lang.String,java.lang.Throwable)	org.greenrobot.eventbus.EventBusException	SOURCE
org.greenrobot.eventbus.SubscriberMethodFinder	findUsingReflectionInSingleClass(org.greenrobot.eventbus.SubscriberMethodFinder.FindState)	SubscriberMethod(java.lang.reflect.Method,java.lang.Class<?>,org.greenrobot.eventbus.ThreadMode,int,boolean)	org.greenrobot.eventbus.SubscriberMethod	SOURCE
org.greenrobot.eventbus.SubscriberMethodFinder	findUsingReflectionInSingleClass(org.greenrobot.eventbus.SubscriberMethodFinder.FindState)	EventBusException(java.lang.String)	org.greenrobot.eventbus.EventBusException	SOURCE
org.greenrobot.eventbus.SubscriberMethodFinder	findUsingReflectionInSingleClass(org.greenrobot.eventbus.SubscriberMethodFinder.FindState)	EventBusException(java.lang.String)	org.greenrobot.eventbus.EventBusException	SOURCE
org.greenrobot.eventbus.SubscriberMethodFinder$FindState	subscriberMethods	ArrayList()	java.util.ArrayList	SOURCE
org.greenrobot.eventbus.SubscriberMethodFinder$FindState	anyMethodByEventType	HashMap()	java.util.HashMap	SOURCE
org.greenrobot.eventbus.SubscriberMethodFinder$FindState	subscriberClassByMethodKey	HashMap()	java.util.HashMap	SOURCE
org.greenrobot.eventbus.SubscriberMethodFinder$FindState	methodKeyBuilder	StringBuilder(int)	java.lang.StringBuilder	SOURCE
org.greenrobot.eventbus.SubscriberMethodFinder$FindState	checkAdd(java.lang.reflect.Method,java.lang.Class<?>)	IllegalStateException()	java.lang.IllegalStateException	SOURCE
org.greenrobot.eventbus.Logger$Default	get()	AndroidLogger(java.lang.String)	org.greenrobot.eventbus.android.AndroidLogger	SOURCE
org.greenrobot.eventbus.Logger$Default	get()	SystemOutLogger()	org.greenrobot.eventbus.Logger$SystemOutLogger	SOURCE
org.greenrobot.eventbus.PendingPost	pendingPostPool	ArrayList()	java.util.ArrayList	SOURCE
org.greenrobot.eventbus.PendingPost	obtainPendingPost(org.greenrobot.eventbus.Subscription,java.lang.Object)	PendingPost(java.lang.Object,org.greenrobot.eventbus.Subscription)	org.greenrobot.eventbus.PendingPost	SOURCE
org.greenrobot.eventbus.util.ErrorDialogManager$SupportManagerFragment	attachTo(android.app.Activity,java.lang.Object,boolean,android.os.Bundle)	SupportManagerFragment()	org.greenrobot.eventbus.util.ErrorDialogManager$SupportManagerFragment	SOURCE
org.greenrobot.eventbus.util.ErrorDialogManager$HoneycombManagerFragment	attachTo(android.app.Activity,java.lang.Object,boolean,android.os.Bundle)	HoneycombManagerFragment()	org.greenrobot.eventbus.util.ErrorDialogManager$HoneycombManagerFragment	SOURCE
org.greenrobot.eventbus.util.ErrorDialogManager	attachTo(android.app.Activity,java.lang.Object,boolean,android.os.Bundle)	RuntimeException(java.lang.String)	java.lang.RuntimeException	SOURCE
org.greenrobot.eventbus.util.ErrorDialogManager	isSupportActivity(android.app.Activity)	RuntimeException(java.lang.String)	java.lang.RuntimeException	SOURCE
org.greenrobot.eventbus.util.ErrorDialogManager	isSupportActivity(android.app.Activity)	RuntimeException(java.lang.String)	java.lang.RuntimeException	SOURCE
org.greenrobot.eventbus.util.ErrorDialogManager	isSupportActivity(android.app.Activity)	RuntimeException(java.lang.String)	java.lang.RuntimeException	SOURCE
org.greenrobot.eventbus.util.ErrorDialogFragmentFactory	prepareErrorFragment(org.greenrobot.eventbus.util.ThrowableFailureEvent,boolean,android.os.Bundle)	Bundle()	android.os.Bundle	SOURCE
org.greenrobot.eventbus.util.ErrorDialogFragmentFactory$Support	createErrorFragment(org.greenrobot.eventbus.util.ThrowableFailureEvent,android.os.Bundle)	Support()	org.greenrobot.eventbus.util.ErrorDialogFragments$Support	SOURCE
org.greenrobot.eventbus.util.ErrorDialogFragmentFactory$Honeycomb	createErrorFragment(org.greenrobot.eventbus.util.ThrowableFailureEvent,android.os.Bundle)	Honeycomb()	org.greenrobot.eventbus.util.ErrorDialogFragments$Honeycomb	SOURCE
org.greenrobot.eventbus.util.ErrorDialogConfig	ErrorDialogConfig(android.content.res.Resources,int,int)	ExceptionToResourceMapping()	org.greenrobot.eventbus.util.ExceptionToResourceMapping	SOURCE
org.greenrobot.eventbus.util.ExceptionToResourceMapping	ExceptionToResourceMapping()	HashMap()	java.util.HashMap	SOURCE
org.greenrobot.eventbus.util.ErrorDialogFragments	createDialog(android.content.Context,android.os.Bundle,android.content.DialogInterface.OnClickListener)	Builder(android.content.Context)	android.app.AlertDialog$Builder	SOURCE
org.greenrobot.eventbus.util.ErrorDialogFragments	handleOnClick(android.content.DialogInterface,int,android.app.Activity,android.os.Bundle)	RuntimeException(java.lang.String,java.lang.Throwable)	java.lang.RuntimeException	SOURCE
org.greenrobot.eventbus.util.AsyncExecutor$Builder	buildForScope(java.lang.Object)	AsyncExecutor(java.util.concurrent.Executor,org.greenrobot.eventbus.EventBus,java.lang.Class<?>,java.lang.Object)	org.greenrobot.eventbus.util.AsyncExecutor	SOURCE
org.greenrobot.eventbus.util.AsyncExecutor	builder()	Builder()	org.greenrobot.eventbus.util.AsyncExecutor$Builder	SOURCE
org.greenrobot.eventbus.util.AsyncExecutor	create()	Builder()	org.greenrobot.eventbus.util.AsyncExecutor$Builder	SOURCE
org.greenrobot.eventbus.util.AsyncExecutor	AsyncExecutor(java.util.concurrent.Executor,org.greenrobot.eventbus.EventBus,java.lang.Class<?>,java.lang.Object)	RuntimeException(java.lang.String,java.lang.Throwable)	java.lang.RuntimeException	SOURCE
org.greenrobot.eventbus.util.AsyncExecutor	execute(org.greenrobot.eventbus.util.AsyncExecutor.RunnableEx)	()	org.greenrobot.eventbus.util.AsyncExecutor$1	SOURCE
org.greenrobot.eventbus.util.AsyncExecutor$1	run()	RuntimeException(java.lang.String,java.lang.Throwable)	java.lang.RuntimeException	SOURCE
org.greenrobot.eventbus.meta.AbstractSubscriberInfo	getSuperSubscriberInfo()	RuntimeException(java.lang.Throwable)	java.lang.RuntimeException	SOURCE
org.greenrobot.eventbus.meta.AbstractSubscriberInfo	getSuperSubscriberInfo()	RuntimeException(java.lang.Throwable)	java.lang.RuntimeException	SOURCE
org.greenrobot.eventbus.meta.AbstractSubscriberInfo	createSubscriberMethod(java.lang.String,java.lang.Class<?>,org.greenrobot.eventbus.ThreadMode,int,boolean)	SubscriberMethod(java.lang.reflect.Method,java.lang.Class<?>,org.greenrobot.eventbus.ThreadMode,int,boolean)	org.greenrobot.eventbus.SubscriberMethod	SOURCE
org.greenrobot.eventbus.meta.AbstractSubscriberInfo	createSubscriberMethod(java.lang.String,java.lang.Class<?>,org.greenrobot.eventbus.ThreadMode,int,boolean)	EventBusException(java.lang.String,java.lang.Throwable)	org.greenrobot.eventbus.EventBusException	SOURCE
org.greenrobot.eventbus.HandlerPoster	HandlerPoster(org.greenrobot.eventbus.EventBus,android.os.Looper,int)	PendingPostQueue()	org.greenrobot.eventbus.PendingPostQueue	SOURCE
org.greenrobot.eventbus.HandlerPoster	enqueue(org.greenrobot.eventbus.Subscription,java.lang.Object)	EventBusException(java.lang.String)	org.greenrobot.eventbus.EventBusException	SOURCE
org.greenrobot.eventbus.HandlerPoster	handleMessage(android.os.Message)	EventBusException(java.lang.String)	org.greenrobot.eventbus.EventBusException	SOURCE
