CLASS	METHOD	PARAMETER	INDEX
org.greenrobot.eventbus.EventBusException	EventBusException(java.lang.String)	detailMessage	0
org.greenrobot.eventbus.EventBusException	EventBusException(java.lang.Throwable)	throwable	0
org.greenrobot.eventbus.EventBusException	EventBusException(java.lang.String,java.lang.Throwable)	throwable	1
org.greenrobot.eventbus.EventBusException	EventBusException(java.lang.String,java.lang.Throwable)	detailMessage	0
org.greenrobot.eventbus.AsyncPoster	AsyncPoster(org.greenrobot.eventbus.EventBus)	eventBus	0
org.greenrobot.eventbus.AsyncPoster	enqueue(org.greenrobot.eventbus.Subscription,java.lang.Object)	event	1
org.greenrobot.eventbus.AsyncPoster	enqueue(org.greenrobot.eventbus.Subscription,java.lang.Object)	subscription	0
org.greenrobot.eventbus.PendingPostQueue	enqueue(org.greenrobot.eventbus.PendingPost)	pendingPost	0
org.greenrobot.eventbus.PendingPostQueue	poll(int)	maxMillisToWait	0
org.greenrobot.eventbus.EventBus	EventBus(org.greenrobot.eventbus.EventBusBuilder)	builder	0
org.greenrobot.eventbus.EventBus	register(java.lang.Object)	subscriber	0
org.greenrobot.eventbus.EventBus	subscribe(java.lang.Object,org.greenrobot.eventbus.SubscriberMethod)	subscriber	0
org.greenrobot.eventbus.EventBus	subscribe(java.lang.Object,org.greenrobot.eventbus.SubscriberMethod)	subscriberMethod	1
org.greenrobot.eventbus.EventBus	checkPostStickyEventToSubscription(org.greenrobot.eventbus.Subscription,java.lang.Object)	stickyEvent	1
org.greenrobot.eventbus.EventBus	checkPostStickyEventToSubscription(org.greenrobot.eventbus.Subscription,java.lang.Object)	newSubscription	0
org.greenrobot.eventbus.EventBus	isRegistered(java.lang.Object)	subscriber	0
org.greenrobot.eventbus.EventBus	unsubscribeByEventType(java.lang.Object,java.lang.Class)	eventType	1
org.greenrobot.eventbus.EventBus	unsubscribeByEventType(java.lang.Object,java.lang.Class)	subscriber	0
org.greenrobot.eventbus.EventBus	unregister(java.lang.Object)	subscriber	0
org.greenrobot.eventbus.EventBus	post(java.lang.Object)	event	0
org.greenrobot.eventbus.EventBus	cancelEventDelivery(java.lang.Object)	event	0
org.greenrobot.eventbus.EventBus	postSticky(java.lang.Object)	event	0
org.greenrobot.eventbus.EventBus	getStickyEvent(java.lang.Class)	eventType	0
org.greenrobot.eventbus.EventBus	removeStickyEvent(java.lang.Class)	eventType	0
org.greenrobot.eventbus.EventBus	removeStickyEvent(java.lang.Object)	event	0
org.greenrobot.eventbus.EventBus	hasSubscriberForEvent(java.lang.Class)	eventClass	0
org.greenrobot.eventbus.EventBus	postSingleEvent(java.lang.Object,org.greenrobot.eventbus.EventBus.PostingThreadState)	postingState	1
org.greenrobot.eventbus.EventBus	postSingleEvent(java.lang.Object,org.greenrobot.eventbus.EventBus.PostingThreadState)	event	0
org.greenrobot.eventbus.EventBus	postSingleEventForEventType(java.lang.Object,org.greenrobot.eventbus.EventBus.PostingThreadState,java.lang.Class)	eventClass	2
org.greenrobot.eventbus.EventBus	postSingleEventForEventType(java.lang.Object,org.greenrobot.eventbus.EventBus.PostingThreadState,java.lang.Class)	postingState	1
org.greenrobot.eventbus.EventBus	postSingleEventForEventType(java.lang.Object,org.greenrobot.eventbus.EventBus.PostingThreadState,java.lang.Class)	event	0
org.greenrobot.eventbus.EventBus	postToSubscription(org.greenrobot.eventbus.Subscription,java.lang.Object,boolean)	subscription	0
org.greenrobot.eventbus.EventBus	postToSubscription(org.greenrobot.eventbus.Subscription,java.lang.Object,boolean)	isMainThread	2
org.greenrobot.eventbus.EventBus	postToSubscription(org.greenrobot.eventbus.Subscription,java.lang.Object,boolean)	event	1
org.greenrobot.eventbus.EventBus	lookupAllEventTypes(java.lang.Class)	eventClass	0
org.greenrobot.eventbus.EventBus	addInterfaces(java.util.List,java.lang.Class[])	eventTypes	0
org.greenrobot.eventbus.EventBus	addInterfaces(java.util.List,java.lang.Class[])	interfaces	1
org.greenrobot.eventbus.EventBus	invokeSubscriber(org.greenrobot.eventbus.PendingPost)	pendingPost	0
org.greenrobot.eventbus.EventBus	invokeSubscriber(org.greenrobot.eventbus.Subscription,java.lang.Object)	subscription	0
org.greenrobot.eventbus.EventBus	invokeSubscriber(org.greenrobot.eventbus.Subscription,java.lang.Object)	event	1
org.greenrobot.eventbus.EventBus	handleSubscriberException(org.greenrobot.eventbus.Subscription,java.lang.Object,java.lang.Throwable)	subscription	0
org.greenrobot.eventbus.EventBus	handleSubscriberException(org.greenrobot.eventbus.Subscription,java.lang.Object,java.lang.Throwable)	cause	2
org.greenrobot.eventbus.EventBus	handleSubscriberException(org.greenrobot.eventbus.Subscription,java.lang.Object,java.lang.Throwable)	event	1
org.greenrobot.eventbus.Subscription	Subscription(java.lang.Object,org.greenrobot.eventbus.SubscriberMethod)	subscriber	0
org.greenrobot.eventbus.Subscription	Subscription(java.lang.Object,org.greenrobot.eventbus.SubscriberMethod)	subscriberMethod	1
org.greenrobot.eventbus.Subscription	equals(java.lang.Object)	other	0
org.greenrobot.eventbus.SubscriberMethod	SubscriberMethod(java.lang.reflect.Method,java.lang.Class,org.greenrobot.eventbus.ThreadMode,int,boolean)	priority	3
org.greenrobot.eventbus.SubscriberMethod	SubscriberMethod(java.lang.reflect.Method,java.lang.Class,org.greenrobot.eventbus.ThreadMode,int,boolean)	method	0
org.greenrobot.eventbus.SubscriberMethod	SubscriberMethod(java.lang.reflect.Method,java.lang.Class,org.greenrobot.eventbus.ThreadMode,int,boolean)	sticky	4
org.greenrobot.eventbus.SubscriberMethod	SubscriberMethod(java.lang.reflect.Method,java.lang.Class,org.greenrobot.eventbus.ThreadMode,int,boolean)	threadMode	2
org.greenrobot.eventbus.SubscriberMethod	SubscriberMethod(java.lang.reflect.Method,java.lang.Class,org.greenrobot.eventbus.ThreadMode,int,boolean)	eventType	1
org.greenrobot.eventbus.SubscriberMethod	equals(java.lang.Object)	other	0
org.greenrobot.eventbus.EventBusBuilder	logSubscriberExceptions(boolean)	logSubscriberExceptions	0
org.greenrobot.eventbus.EventBusBuilder	logNoSubscriberMessages(boolean)	logNoSubscriberMessages	0
org.greenrobot.eventbus.EventBusBuilder	sendSubscriberExceptionEvent(boolean)	sendSubscriberExceptionEvent	0
org.greenrobot.eventbus.EventBusBuilder	sendNoSubscriberEvent(boolean)	sendNoSubscriberEvent	0
org.greenrobot.eventbus.EventBusBuilder	throwSubscriberException(boolean)	throwSubscriberException	0
org.greenrobot.eventbus.EventBusBuilder	eventInheritance(boolean)	eventInheritance	0
org.greenrobot.eventbus.EventBusBuilder	executorService(java.util.concurrent.ExecutorService)	executorService	0
org.greenrobot.eventbus.EventBusBuilder	skipMethodVerificationFor(java.lang.Class)	clazz	0
org.greenrobot.eventbus.EventBusBuilder	ignoreGeneratedIndex(boolean)	ignoreGeneratedIndex	0
org.greenrobot.eventbus.EventBusBuilder	strictMethodVerification(boolean)	strictMethodVerification	0
org.greenrobot.eventbus.EventBusBuilder	addIndex(org.greenrobot.eventbus.meta.SubscriberInfoIndex)	index	0
org.greenrobot.eventbus.EventBusBuilder	logger(org.greenrobot.eventbus.Logger)	logger	0
org.greenrobot.eventbus.MainThreadSupport$AndroidHandlerMainThreadSupport	AndroidHandlerMainThreadSupport(android.os.Looper)	looper	0
org.greenrobot.eventbus.MainThreadSupport$AndroidHandlerMainThreadSupport	createPoster(org.greenrobot.eventbus.EventBus)	eventBus	0
org.greenrobot.eventbus.BackgroundPoster	BackgroundPoster(org.greenrobot.eventbus.EventBus)	eventBus	0
org.greenrobot.eventbus.BackgroundPoster	enqueue(org.greenrobot.eventbus.Subscription,java.lang.Object)	subscription	0
org.greenrobot.eventbus.BackgroundPoster	enqueue(org.greenrobot.eventbus.Subscription,java.lang.Object)	event	1
org.greenrobot.eventbus.SubscriberMethodFinder	SubscriberMethodFinder(java.util.List,boolean,boolean)	strictMethodVerification	1
org.greenrobot.eventbus.SubscriberMethodFinder	SubscriberMethodFinder(java.util.List,boolean,boolean)	ignoreGeneratedIndex	2
org.greenrobot.eventbus.SubscriberMethodFinder	SubscriberMethodFinder(java.util.List,boolean,boolean)	subscriberInfoIndexes	0
org.greenrobot.eventbus.SubscriberMethodFinder	findSubscriberMethods(java.lang.Class)	subscriberClass	0
org.greenrobot.eventbus.SubscriberMethodFinder	findUsingInfo(java.lang.Class)	subscriberClass	0
org.greenrobot.eventbus.SubscriberMethodFinder	getMethodsAndRelease(org.greenrobot.eventbus.SubscriberMethodFinder.FindState)	findState	0
org.greenrobot.eventbus.SubscriberMethodFinder	getSubscriberInfo(org.greenrobot.eventbus.SubscriberMethodFinder.FindState)	findState	0
org.greenrobot.eventbus.SubscriberMethodFinder	findUsingReflection(java.lang.Class)	subscriberClass	0
org.greenrobot.eventbus.SubscriberMethodFinder	findUsingReflectionInSingleClass(org.greenrobot.eventbus.SubscriberMethodFinder.FindState)	findState	0
org.greenrobot.eventbus.SubscriberMethodFinder$FindState	initForSubscriber(java.lang.Class)	subscriberClass	0
org.greenrobot.eventbus.SubscriberMethodFinder$FindState	checkAdd(java.lang.reflect.Method,java.lang.Class)	method	0
org.greenrobot.eventbus.SubscriberMethodFinder$FindState	checkAdd(java.lang.reflect.Method,java.lang.Class)	eventType	1
org.greenrobot.eventbus.SubscriberMethodFinder$FindState	checkAddWithMethodSignature(java.lang.reflect.Method,java.lang.Class)	method	0
org.greenrobot.eventbus.SubscriberMethodFinder$FindState	checkAddWithMethodSignature(java.lang.reflect.Method,java.lang.Class)	eventType	1
org.greenrobot.eventbus.Logger$JavaLogger	JavaLogger(java.lang.String)	tag	0
org.greenrobot.eventbus.Logger$JavaLogger	log(java.util.logging.Level,java.lang.String)	msg	1
org.greenrobot.eventbus.Logger$JavaLogger	log(java.util.logging.Level,java.lang.String)	level	0
org.greenrobot.eventbus.Logger$JavaLogger	log(java.util.logging.Level,java.lang.String,java.lang.Throwable)	msg	1
org.greenrobot.eventbus.Logger$JavaLogger	log(java.util.logging.Level,java.lang.String,java.lang.Throwable)	level	0
org.greenrobot.eventbus.Logger$JavaLogger	log(java.util.logging.Level,java.lang.String,java.lang.Throwable)	th	2
org.greenrobot.eventbus.Logger$SystemOutLogger	log(java.util.logging.Level,java.lang.String)	level	0
org.greenrobot.eventbus.Logger$SystemOutLogger	log(java.util.logging.Level,java.lang.String)	msg	1
org.greenrobot.eventbus.Logger$SystemOutLogger	log(java.util.logging.Level,java.lang.String,java.lang.Throwable)	msg	1
org.greenrobot.eventbus.Logger$SystemOutLogger	log(java.util.logging.Level,java.lang.String,java.lang.Throwable)	th	2
org.greenrobot.eventbus.Logger$SystemOutLogger	log(java.util.logging.Level,java.lang.String,java.lang.Throwable)	level	0
org.greenrobot.eventbus.PendingPost	PendingPost(java.lang.Object,org.greenrobot.eventbus.Subscription)	subscription	1
org.greenrobot.eventbus.PendingPost	PendingPost(java.lang.Object,org.greenrobot.eventbus.Subscription)	event	0
org.greenrobot.eventbus.PendingPost	obtainPendingPost(org.greenrobot.eventbus.Subscription,java.lang.Object)	subscription	0
org.greenrobot.eventbus.PendingPost	obtainPendingPost(org.greenrobot.eventbus.Subscription,java.lang.Object)	event	1
org.greenrobot.eventbus.PendingPost	releasePendingPost(org.greenrobot.eventbus.PendingPost)	pendingPost	0
org.greenrobot.eventbus.NoSubscriberEvent	NoSubscriberEvent(org.greenrobot.eventbus.EventBus,java.lang.Object)	originalEvent	1
org.greenrobot.eventbus.NoSubscriberEvent	NoSubscriberEvent(org.greenrobot.eventbus.EventBus,java.lang.Object)	eventBus	0
org.greenrobot.eventbus.android.AndroidLogger	AndroidLogger(java.lang.String)	tag	0
org.greenrobot.eventbus.android.AndroidLogger	log(java.util.logging.Level,java.lang.String)	msg	1
org.greenrobot.eventbus.android.AndroidLogger	log(java.util.logging.Level,java.lang.String)	level	0
org.greenrobot.eventbus.android.AndroidLogger	log(java.util.logging.Level,java.lang.String,java.lang.Throwable)	level	0
org.greenrobot.eventbus.android.AndroidLogger	log(java.util.logging.Level,java.lang.String,java.lang.Throwable)	th	2
org.greenrobot.eventbus.android.AndroidLogger	log(java.util.logging.Level,java.lang.String,java.lang.Throwable)	msg	1
org.greenrobot.eventbus.android.AndroidLogger	mapLevel(java.util.logging.Level)	level	0
org.greenrobot.eventbus.util.ErrorDialogManager$SupportManagerFragment	onCreate(android.os.Bundle)	savedInstanceState	0
org.greenrobot.eventbus.util.ErrorDialogManager$SupportManagerFragment	onEventMainThread(org.greenrobot.eventbus.util.ThrowableFailureEvent)	event	0
org.greenrobot.eventbus.util.ErrorDialogManager$SupportManagerFragment	attachTo(android.app.Activity,java.lang.Object,boolean,android.os.Bundle)	activity	0
org.greenrobot.eventbus.util.ErrorDialogManager$SupportManagerFragment	attachTo(android.app.Activity,java.lang.Object,boolean,android.os.Bundle)	finishAfterDialog	2
org.greenrobot.eventbus.util.ErrorDialogManager$SupportManagerFragment	attachTo(android.app.Activity,java.lang.Object,boolean,android.os.Bundle)	executionScope	1
org.greenrobot.eventbus.util.ErrorDialogManager$SupportManagerFragment	attachTo(android.app.Activity,java.lang.Object,boolean,android.os.Bundle)	argumentsForErrorDialog	3
org.greenrobot.eventbus.util.ErrorDialogManager$HoneycombManagerFragment	onEventMainThread(org.greenrobot.eventbus.util.ThrowableFailureEvent)	event	0
org.greenrobot.eventbus.util.ErrorDialogManager$HoneycombManagerFragment	attachTo(android.app.Activity,java.lang.Object,boolean,android.os.Bundle)	executionScope	1
org.greenrobot.eventbus.util.ErrorDialogManager$HoneycombManagerFragment	attachTo(android.app.Activity,java.lang.Object,boolean,android.os.Bundle)	activity	0
org.greenrobot.eventbus.util.ErrorDialogManager$HoneycombManagerFragment	attachTo(android.app.Activity,java.lang.Object,boolean,android.os.Bundle)	argumentsForErrorDialog	3
org.greenrobot.eventbus.util.ErrorDialogManager$HoneycombManagerFragment	attachTo(android.app.Activity,java.lang.Object,boolean,android.os.Bundle)	finishAfterDialog	2
org.greenrobot.eventbus.util.ErrorDialogManager	attachTo(android.app.Activity)	activity	0
org.greenrobot.eventbus.util.ErrorDialogManager	attachTo(android.app.Activity,boolean)	finishAfterDialog	1
org.greenrobot.eventbus.util.ErrorDialogManager	attachTo(android.app.Activity,boolean)	activity	0
org.greenrobot.eventbus.util.ErrorDialogManager	attachTo(android.app.Activity,boolean,android.os.Bundle)	finishAfterDialog	1
org.greenrobot.eventbus.util.ErrorDialogManager	attachTo(android.app.Activity,boolean,android.os.Bundle)	activity	0
org.greenrobot.eventbus.util.ErrorDialogManager	attachTo(android.app.Activity,boolean,android.os.Bundle)	argumentsForErrorDialog	2
org.greenrobot.eventbus.util.ErrorDialogManager	attachTo(android.app.Activity,java.lang.Object,boolean,android.os.Bundle)	activity	0
org.greenrobot.eventbus.util.ErrorDialogManager	attachTo(android.app.Activity,java.lang.Object,boolean,android.os.Bundle)	argumentsForErrorDialog	3
org.greenrobot.eventbus.util.ErrorDialogManager	attachTo(android.app.Activity,java.lang.Object,boolean,android.os.Bundle)	executionScope	1
org.greenrobot.eventbus.util.ErrorDialogManager	attachTo(android.app.Activity,java.lang.Object,boolean,android.os.Bundle)	finishAfterDialog	2
org.greenrobot.eventbus.util.ErrorDialogManager	isSupportActivity(android.app.Activity)	activity	0
org.greenrobot.eventbus.util.ErrorDialogManager	checkLogException(org.greenrobot.eventbus.util.ThrowableFailureEvent)	event	0
org.greenrobot.eventbus.util.ErrorDialogManager	isInExecutionScope(java.lang.Object,org.greenrobot.eventbus.util.ThrowableFailureEvent)	event	1
org.greenrobot.eventbus.util.ErrorDialogManager	isInExecutionScope(java.lang.Object,org.greenrobot.eventbus.util.ThrowableFailureEvent)	executionScope	0
org.greenrobot.eventbus.util.ErrorDialogFragmentFactory	ErrorDialogFragmentFactory(org.greenrobot.eventbus.util.ErrorDialogConfig)	config	0
org.greenrobot.eventbus.util.ErrorDialogFragmentFactory	prepareErrorFragment(org.greenrobot.eventbus.util.ThrowableFailureEvent,boolean,android.os.Bundle)	finishAfterDialog	1
org.greenrobot.eventbus.util.ErrorDialogFragmentFactory	prepareErrorFragment(org.greenrobot.eventbus.util.ThrowableFailureEvent,boolean,android.os.Bundle)	argumentsForErrorDialog	2
org.greenrobot.eventbus.util.ErrorDialogFragmentFactory	prepareErrorFragment(org.greenrobot.eventbus.util.ThrowableFailureEvent,boolean,android.os.Bundle)	event	0
org.greenrobot.eventbus.util.ErrorDialogFragmentFactory	getMessageFor(org.greenrobot.eventbus.util.ThrowableFailureEvent,android.os.Bundle)	event	0
org.greenrobot.eventbus.util.ErrorDialogFragmentFactory$Support	Support(org.greenrobot.eventbus.util.ErrorDialogConfig)	config	0
org.greenrobot.eventbus.util.ErrorDialogFragmentFactory$Support	createErrorFragment(org.greenrobot.eventbus.util.ThrowableFailureEvent,android.os.Bundle)	arguments	1
org.greenrobot.eventbus.util.ErrorDialogFragmentFactory$Honeycomb	Honeycomb(org.greenrobot.eventbus.util.ErrorDialogConfig)	config	0
org.greenrobot.eventbus.util.ErrorDialogFragmentFactory$Honeycomb	createErrorFragment(org.greenrobot.eventbus.util.ThrowableFailureEvent,android.os.Bundle)	arguments	1
org.greenrobot.eventbus.util.ThrowableFailureEvent	ThrowableFailureEvent(java.lang.Throwable)	throwable	0
org.greenrobot.eventbus.util.ThrowableFailureEvent	ThrowableFailureEvent(java.lang.Throwable,boolean)	throwable	0
org.greenrobot.eventbus.util.ThrowableFailureEvent	ThrowableFailureEvent(java.lang.Throwable,boolean)	suppressErrorUi	1
org.greenrobot.eventbus.util.ThrowableFailureEvent	setExecutionScope(java.lang.Object)	executionContext	0
org.greenrobot.eventbus.util.ErrorDialogConfig	ErrorDialogConfig(android.content.res.Resources,int,int)	resources	0
org.greenrobot.eventbus.util.ErrorDialogConfig	ErrorDialogConfig(android.content.res.Resources,int,int)	defaultMsgId	2
org.greenrobot.eventbus.util.ErrorDialogConfig	ErrorDialogConfig(android.content.res.Resources,int,int)	defaultTitleId	1
org.greenrobot.eventbus.util.ErrorDialogConfig	addMapping(java.lang.Class,int)	msgId	1
org.greenrobot.eventbus.util.ErrorDialogConfig	addMapping(java.lang.Class,int)	clazz	0
org.greenrobot.eventbus.util.ErrorDialogConfig	getMessageIdForThrowable(java.lang.Throwable)	throwable	0
org.greenrobot.eventbus.util.ErrorDialogConfig	setDefaultDialogIconId(int)	defaultDialogIconId	0
org.greenrobot.eventbus.util.ErrorDialogConfig	setDefaultEventTypeOnDialogClosed(java.lang.Class)	defaultEventTypeOnDialogClosed	0
org.greenrobot.eventbus.util.ErrorDialogConfig	setTagForLoggingExceptions(java.lang.String)	tagForLoggingExceptions	0
org.greenrobot.eventbus.util.ErrorDialogConfig	setEventBus(org.greenrobot.eventbus.EventBus)	eventBus	0
org.greenrobot.eventbus.util.ExceptionToResourceMapping	mapThrowable(java.lang.Throwable)	throwable	0
org.greenrobot.eventbus.util.ExceptionToResourceMapping	mapThrowableFlat(java.lang.Throwable)	throwable	0
org.greenrobot.eventbus.util.ExceptionToResourceMapping	addMapping(java.lang.Class,int)	clazz	0
org.greenrobot.eventbus.util.ExceptionToResourceMapping	addMapping(java.lang.Class,int)	msgId	1
org.greenrobot.eventbus.util.ErrorDialogFragments	createDialog(android.content.Context,android.os.Bundle,android.content.DialogInterface.OnClickListener)	onClickListener	2
org.greenrobot.eventbus.util.ErrorDialogFragments	createDialog(android.content.Context,android.os.Bundle,android.content.DialogInterface.OnClickListener)	arguments	1
org.greenrobot.eventbus.util.ErrorDialogFragments	createDialog(android.content.Context,android.os.Bundle,android.content.DialogInterface.OnClickListener)	context	0
org.greenrobot.eventbus.util.ErrorDialogFragments	handleOnClick(android.content.DialogInterface,int,android.app.Activity,android.os.Bundle)	activity	2
org.greenrobot.eventbus.util.ErrorDialogFragments	handleOnClick(android.content.DialogInterface,int,android.app.Activity,android.os.Bundle)	arguments	3
org.greenrobot.eventbus.util.ErrorDialogFragments$Honeycomb	onClick(android.content.DialogInterface,int)	which	1
org.greenrobot.eventbus.util.ErrorDialogFragments$Honeycomb	onClick(android.content.DialogInterface,int)	dialog	0
org.greenrobot.eventbus.util.ErrorDialogFragments$Support	onClick(android.content.DialogInterface,int)	dialog	0
org.greenrobot.eventbus.util.ErrorDialogFragments$Support	onClick(android.content.DialogInterface,int)	which	1
org.greenrobot.eventbus.util.AsyncExecutor$Builder	threadPool(java.util.concurrent.Executor)	threadPool	0
org.greenrobot.eventbus.util.AsyncExecutor$Builder	failureEventType(java.lang.Class)	failureEventType	0
org.greenrobot.eventbus.util.AsyncExecutor$Builder	eventBus(org.greenrobot.eventbus.EventBus)	eventBus	0
org.greenrobot.eventbus.util.AsyncExecutor$Builder	buildForScope(java.lang.Object)	executionContext	0
org.greenrobot.eventbus.util.AsyncExecutor	AsyncExecutor(java.util.concurrent.Executor,org.greenrobot.eventbus.EventBus,java.lang.Class,java.lang.Object)	eventBus	1
org.greenrobot.eventbus.util.AsyncExecutor	AsyncExecutor(java.util.concurrent.Executor,org.greenrobot.eventbus.EventBus,java.lang.Class,java.lang.Object)	threadPool	0
org.greenrobot.eventbus.util.AsyncExecutor	AsyncExecutor(java.util.concurrent.Executor,org.greenrobot.eventbus.EventBus,java.lang.Class,java.lang.Object)	scope	3
org.greenrobot.eventbus.util.AsyncExecutor	AsyncExecutor(java.util.concurrent.Executor,org.greenrobot.eventbus.EventBus,java.lang.Class,java.lang.Object)	failureEventType	2
org.greenrobot.eventbus.util.AsyncExecutor	execute(org.greenrobot.eventbus.util.AsyncExecutor.RunnableEx)	runnable	0
org.greenrobot.eventbus.SubscriberExceptionEvent	SubscriberExceptionEvent(org.greenrobot.eventbus.EventBus,java.lang.Throwable,java.lang.Object,java.lang.Object)	throwable	1
org.greenrobot.eventbus.SubscriberExceptionEvent	SubscriberExceptionEvent(org.greenrobot.eventbus.EventBus,java.lang.Throwable,java.lang.Object,java.lang.Object)	causingEvent	2
org.greenrobot.eventbus.SubscriberExceptionEvent	SubscriberExceptionEvent(org.greenrobot.eventbus.EventBus,java.lang.Throwable,java.lang.Object,java.lang.Object)	eventBus	0
org.greenrobot.eventbus.SubscriberExceptionEvent	SubscriberExceptionEvent(org.greenrobot.eventbus.EventBus,java.lang.Throwable,java.lang.Object,java.lang.Object)	causingSubscriber	3
org.greenrobot.eventbus.meta.SubscriberMethodInfo	SubscriberMethodInfo(java.lang.String,java.lang.Class,org.greenrobot.eventbus.ThreadMode,int,boolean)	threadMode	2
org.greenrobot.eventbus.meta.SubscriberMethodInfo	SubscriberMethodInfo(java.lang.String,java.lang.Class,org.greenrobot.eventbus.ThreadMode,int,boolean)	sticky	4
org.greenrobot.eventbus.meta.SubscriberMethodInfo	SubscriberMethodInfo(java.lang.String,java.lang.Class,org.greenrobot.eventbus.ThreadMode,int,boolean)	priority	3
org.greenrobot.eventbus.meta.SubscriberMethodInfo	SubscriberMethodInfo(java.lang.String,java.lang.Class,org.greenrobot.eventbus.ThreadMode,int,boolean)	eventType	1
org.greenrobot.eventbus.meta.SubscriberMethodInfo	SubscriberMethodInfo(java.lang.String,java.lang.Class,org.greenrobot.eventbus.ThreadMode,int,boolean)	methodName	0
org.greenrobot.eventbus.meta.SubscriberMethodInfo	SubscriberMethodInfo(java.lang.String,java.lang.Class)	methodName	0
org.greenrobot.eventbus.meta.SubscriberMethodInfo	SubscriberMethodInfo(java.lang.String,java.lang.Class)	eventType	1
org.greenrobot.eventbus.meta.SubscriberMethodInfo	SubscriberMethodInfo(java.lang.String,java.lang.Class,org.greenrobot.eventbus.ThreadMode)	eventType	1
org.greenrobot.eventbus.meta.SubscriberMethodInfo	SubscriberMethodInfo(java.lang.String,java.lang.Class,org.greenrobot.eventbus.ThreadMode)	methodName	0
org.greenrobot.eventbus.meta.SubscriberMethodInfo	SubscriberMethodInfo(java.lang.String,java.lang.Class,org.greenrobot.eventbus.ThreadMode)	threadMode	2
org.greenrobot.eventbus.meta.AbstractSubscriberInfo	AbstractSubscriberInfo(java.lang.Class,java.lang.Class,boolean)	shouldCheckSuperclass	2
org.greenrobot.eventbus.meta.AbstractSubscriberInfo	AbstractSubscriberInfo(java.lang.Class,java.lang.Class,boolean)	superSubscriberInfoClass	1
org.greenrobot.eventbus.meta.AbstractSubscriberInfo	AbstractSubscriberInfo(java.lang.Class,java.lang.Class,boolean)	subscriberClass	0
org.greenrobot.eventbus.meta.AbstractSubscriberInfo	createSubscriberMethod(java.lang.String,java.lang.Class)	methodName	0
org.greenrobot.eventbus.meta.AbstractSubscriberInfo	createSubscriberMethod(java.lang.String,java.lang.Class)	eventType	1
org.greenrobot.eventbus.meta.AbstractSubscriberInfo	createSubscriberMethod(java.lang.String,java.lang.Class,org.greenrobot.eventbus.ThreadMode)	methodName	0
org.greenrobot.eventbus.meta.AbstractSubscriberInfo	createSubscriberMethod(java.lang.String,java.lang.Class,org.greenrobot.eventbus.ThreadMode)	eventType	1
org.greenrobot.eventbus.meta.AbstractSubscriberInfo	createSubscriberMethod(java.lang.String,java.lang.Class,org.greenrobot.eventbus.ThreadMode)	threadMode	2
org.greenrobot.eventbus.meta.AbstractSubscriberInfo	createSubscriberMethod(java.lang.String,java.lang.Class,org.greenrobot.eventbus.ThreadMode,int,boolean)	methodName	0
org.greenrobot.eventbus.meta.AbstractSubscriberInfo	createSubscriberMethod(java.lang.String,java.lang.Class,org.greenrobot.eventbus.ThreadMode,int,boolean)	priority	3
org.greenrobot.eventbus.meta.AbstractSubscriberInfo	createSubscriberMethod(java.lang.String,java.lang.Class,org.greenrobot.eventbus.ThreadMode,int,boolean)	sticky	4
org.greenrobot.eventbus.meta.AbstractSubscriberInfo	createSubscriberMethod(java.lang.String,java.lang.Class,org.greenrobot.eventbus.ThreadMode,int,boolean)	eventType	1
org.greenrobot.eventbus.meta.AbstractSubscriberInfo	createSubscriberMethod(java.lang.String,java.lang.Class,org.greenrobot.eventbus.ThreadMode,int,boolean)	threadMode	2
org.greenrobot.eventbus.meta.SimpleSubscriberInfo	SimpleSubscriberInfo(java.lang.Class,boolean,org.greenrobot.eventbus.meta.SubscriberMethodInfo[])	shouldCheckSuperclass	1
org.greenrobot.eventbus.meta.SimpleSubscriberInfo	SimpleSubscriberInfo(java.lang.Class,boolean,org.greenrobot.eventbus.meta.SubscriberMethodInfo[])	subscriberClass	0
org.greenrobot.eventbus.meta.SimpleSubscriberInfo	SimpleSubscriberInfo(java.lang.Class,boolean,org.greenrobot.eventbus.meta.SubscriberMethodInfo[])	methodInfos	2
org.greenrobot.eventbus.HandlerPoster	HandlerPoster(org.greenrobot.eventbus.EventBus,android.os.Looper,int)	looper	1
org.greenrobot.eventbus.HandlerPoster	HandlerPoster(org.greenrobot.eventbus.EventBus,android.os.Looper,int)	maxMillisInsideHandleMessage	2
org.greenrobot.eventbus.HandlerPoster	HandlerPoster(org.greenrobot.eventbus.EventBus,android.os.Looper,int)	eventBus	0
org.greenrobot.eventbus.HandlerPoster	enqueue(org.greenrobot.eventbus.Subscription,java.lang.Object)	subscription	0
org.greenrobot.eventbus.HandlerPoster	enqueue(org.greenrobot.eventbus.Subscription,java.lang.Object)	event	1
