id	class	method	parent	flags	annotations	visibility	non-primitive-return	path
1	org.greenrobot.eventbus.EventBusException	EventBusException(java.lang.String)	0	[false]		public	false	/home/nima/Developer/nullness-benchmarks/EventBus/EventBus/src/org/greenrobot/eventbus/EventBusException.java
2	org.greenrobot.eventbus.EventBusException	EventBusException(java.lang.Throwable)	0	[false]		public	false	/home/nima/Developer/nullness-benchmarks/EventBus/EventBus/src/org/greenrobot/eventbus/EventBusException.java
3	org.greenrobot.eventbus.EventBusException	EventBusException(java.lang.String,java.lang.Throwable)	0	[false, false]		public	false	/home/nima/Developer/nullness-benchmarks/EventBus/EventBus/src/org/greenrobot/eventbus/EventBusException.java
4	org.greenrobot.eventbus.AsyncPoster	AsyncPoster(org.greenrobot.eventbus.EventBus)	0	[false]		package	false	/home/nima/Developer/nullness-benchmarks/EventBus/EventBus/src/org/greenrobot/eventbus/AsyncPoster.java
5	org.greenrobot.eventbus.AsyncPoster	enqueue(org.greenrobot.eventbus.Subscription,java.lang.Object)	6	[false, false]		public	false	/home/nima/Developer/nullness-benchmarks/EventBus/EventBus/src/org/greenrobot/eventbus/AsyncPoster.java
7	org.greenrobot.eventbus.AsyncPoster	run()	8	[]	java.lang.Override	public	false	/home/nima/Developer/nullness-benchmarks/EventBus/EventBus/src/org/greenrobot/eventbus/AsyncPoster.java
6	org.greenrobot.eventbus.Poster	enqueue(org.greenrobot.eventbus.Subscription,java.lang.Object)	0	[false, false]		public	false	/home/nima/Developer/nullness-benchmarks/EventBus/EventBus/src/org/greenrobot/eventbus/Poster.java
9	org.greenrobot.eventbus.PendingPostQueue	enqueue(org.greenrobot.eventbus.PendingPost)	0	[false]		package	false	/home/nima/Developer/nullness-benchmarks/EventBus/EventBus/src/org/greenrobot/eventbus/PendingPostQueue.java
10	org.greenrobot.eventbus.PendingPostQueue	poll()	0	[]		package	true	/home/nima/Developer/nullness-benchmarks/EventBus/EventBus/src/org/greenrobot/eventbus/PendingPostQueue.java
11	org.greenrobot.eventbus.PendingPostQueue	poll(int)	0	[false]		package	true	/home/nima/Developer/nullness-benchmarks/EventBus/EventBus/src/org/greenrobot/eventbus/PendingPostQueue.java
12	org.greenrobot.eventbus.EventBus$1	initialValue()	13	[]	java.lang.Override	protected	true	/home/nima/Developer/nullness-benchmarks/EventBus/EventBus/src/org/greenrobot/eventbus/EventBus.java
14	org.greenrobot.eventbus.EventBus	getDefault()	0	[]		public	true	/home/nima/Developer/nullness-benchmarks/EventBus/EventBus/src/org/greenrobot/eventbus/EventBus.java
15	org.greenrobot.eventbus.EventBus	builder()	0	[]		public	true	/home/nima/Developer/nullness-benchmarks/EventBus/EventBus/src/org/greenrobot/eventbus/EventBus.java
16	org.greenrobot.eventbus.EventBus	clearCaches()	0	[]		public	false	/home/nima/Developer/nullness-benchmarks/EventBus/EventBus/src/org/greenrobot/eventbus/EventBus.java
17	org.greenrobot.eventbus.EventBus	EventBus()	0	[]		public	false	/home/nima/Developer/nullness-benchmarks/EventBus/EventBus/src/org/greenrobot/eventbus/EventBus.java
18	org.greenrobot.eventbus.EventBus	EventBus(org.greenrobot.eventbus.EventBusBuilder)	0	[false]		package	false	/home/nima/Developer/nullness-benchmarks/EventBus/EventBus/src/org/greenrobot/eventbus/EventBus.java
19	org.greenrobot.eventbus.EventBus	register(java.lang.Object)	0	[false]		public	false	/home/nima/Developer/nullness-benchmarks/EventBus/EventBus/src/org/greenrobot/eventbus/EventBus.java
20	org.greenrobot.eventbus.EventBus	subscribe(java.lang.Object,org.greenrobot.eventbus.SubscriberMethod)	0	[false, false]		private	false	/home/nima/Developer/nullness-benchmarks/EventBus/EventBus/src/org/greenrobot/eventbus/EventBus.java
21	org.greenrobot.eventbus.EventBus	checkPostStickyEventToSubscription(org.greenrobot.eventbus.Subscription,java.lang.Object)	0	[false, false]		private	false	/home/nima/Developer/nullness-benchmarks/EventBus/EventBus/src/org/greenrobot/eventbus/EventBus.java
22	org.greenrobot.eventbus.EventBus	isMainThread()	0	[]		private	false	/home/nima/Developer/nullness-benchmarks/EventBus/EventBus/src/org/greenrobot/eventbus/EventBus.java
23	org.greenrobot.eventbus.EventBus	isRegistered(java.lang.Object)	0	[false]		public	false	/home/nima/Developer/nullness-benchmarks/EventBus/EventBus/src/org/greenrobot/eventbus/EventBus.java
24	org.greenrobot.eventbus.EventBus	unsubscribeByEventType(java.lang.Object,java.lang.Class)	0	[false, false]		private	false	/home/nima/Developer/nullness-benchmarks/EventBus/EventBus/src/org/greenrobot/eventbus/EventBus.java
25	org.greenrobot.eventbus.EventBus	unregister(java.lang.Object)	0	[false]		public	false	/home/nima/Developer/nullness-benchmarks/EventBus/EventBus/src/org/greenrobot/eventbus/EventBus.java
26	org.greenrobot.eventbus.EventBus	post(java.lang.Object)	0	[false]		public	false	/home/nima/Developer/nullness-benchmarks/EventBus/EventBus/src/org/greenrobot/eventbus/EventBus.java
27	org.greenrobot.eventbus.EventBus	cancelEventDelivery(java.lang.Object)	0	[false]		public	false	/home/nima/Developer/nullness-benchmarks/EventBus/EventBus/src/org/greenrobot/eventbus/EventBus.java
28	org.greenrobot.eventbus.EventBus	postSticky(java.lang.Object)	0	[false]		public	false	/home/nima/Developer/nullness-benchmarks/EventBus/EventBus/src/org/greenrobot/eventbus/EventBus.java
29	org.greenrobot.eventbus.EventBus	getStickyEvent(java.lang.Class)	0	[false]		public	true	/home/nima/Developer/nullness-benchmarks/EventBus/EventBus/src/org/greenrobot/eventbus/EventBus.java
30	org.greenrobot.eventbus.EventBus	removeStickyEvent(java.lang.Class)	0	[false]		public	true	/home/nima/Developer/nullness-benchmarks/EventBus/EventBus/src/org/greenrobot/eventbus/EventBus.java
31	org.greenrobot.eventbus.EventBus	removeStickyEvent(java.lang.Object)	0	[false]		public	false	/home/nima/Developer/nullness-benchmarks/EventBus/EventBus/src/org/greenrobot/eventbus/EventBus.java
32	org.greenrobot.eventbus.EventBus	removeAllStickyEvents()	0	[]		public	false	/home/nima/Developer/nullness-benchmarks/EventBus/EventBus/src/org/greenrobot/eventbus/EventBus.java
33	org.greenrobot.eventbus.EventBus	hasSubscriberForEvent(java.lang.Class)	0	[false]		public	false	/home/nima/Developer/nullness-benchmarks/EventBus/EventBus/src/org/greenrobot/eventbus/EventBus.java
34	org.greenrobot.eventbus.EventBus	postSingleEvent(java.lang.Object,org.greenrobot.eventbus.EventBus.PostingThreadState)	0	[false, false]		private	false	/home/nima/Developer/nullness-benchmarks/EventBus/EventBus/src/org/greenrobot/eventbus/EventBus.java
35	org.greenrobot.eventbus.EventBus	postSingleEventForEventType(java.lang.Object,org.greenrobot.eventbus.EventBus.PostingThreadState,java.lang.Class)	0	[false, false, false]		private	false	/home/nima/Developer/nullness-benchmarks/EventBus/EventBus/src/org/greenrobot/eventbus/EventBus.java
36	org.greenrobot.eventbus.EventBus	postToSubscription(org.greenrobot.eventbus.Subscription,java.lang.Object,boolean)	0	[false, false, false]		private	false	/home/nima/Developer/nullness-benchmarks/EventBus/EventBus/src/org/greenrobot/eventbus/EventBus.java
37	org.greenrobot.eventbus.EventBus	lookupAllEventTypes(java.lang.Class)	0	[false]		private	true	/home/nima/Developer/nullness-benchmarks/EventBus/EventBus/src/org/greenrobot/eventbus/EventBus.java
38	org.greenrobot.eventbus.EventBus	addInterfaces(java.util.List,java.lang.Class[])	0	[false, false]		package	false	/home/nima/Developer/nullness-benchmarks/EventBus/EventBus/src/org/greenrobot/eventbus/EventBus.java
39	org.greenrobot.eventbus.EventBus	invokeSubscriber(org.greenrobot.eventbus.PendingPost)	0	[false]		package	false	/home/nima/Developer/nullness-benchmarks/EventBus/EventBus/src/org/greenrobot/eventbus/EventBus.java
40	org.greenrobot.eventbus.EventBus	invokeSubscriber(org.greenrobot.eventbus.Subscription,java.lang.Object)	0	[false, false]		package	false	/home/nima/Developer/nullness-benchmarks/EventBus/EventBus/src/org/greenrobot/eventbus/EventBus.java
41	org.greenrobot.eventbus.EventBus	handleSubscriberException(org.greenrobot.eventbus.Subscription,java.lang.Object,java.lang.Throwable)	0	[false, false, false]		private	false	/home/nima/Developer/nullness-benchmarks/EventBus/EventBus/src/org/greenrobot/eventbus/EventBus.java
42	org.greenrobot.eventbus.EventBus	getExecutorService()	0	[]		package	true	/home/nima/Developer/nullness-benchmarks/EventBus/EventBus/src/org/greenrobot/eventbus/EventBus.java
43	org.greenrobot.eventbus.EventBus	getLogger()	0	[]		public	true	/home/nima/Developer/nullness-benchmarks/EventBus/EventBus/src/org/greenrobot/eventbus/EventBus.java
44	org.greenrobot.eventbus.EventBus$PostCallback	onPostCompleted(java.util.List)	0	[false]		public	false	/home/nima/Developer/nullness-benchmarks/EventBus/EventBus/src/org/greenrobot/eventbus/EventBus.java
45	org.greenrobot.eventbus.EventBus	toString()	46	[]	java.lang.Override	public	true	/home/nima/Developer/nullness-benchmarks/EventBus/EventBus/src/org/greenrobot/eventbus/EventBus.java
47	org.greenrobot.eventbus.Subscription	Subscription(java.lang.Object,org.greenrobot.eventbus.SubscriberMethod)	0	[false, false]		package	false	/home/nima/Developer/nullness-benchmarks/EventBus/EventBus/src/org/greenrobot/eventbus/Subscription.java
48	org.greenrobot.eventbus.Subscription	equals(java.lang.Object)	49	[false]	java.lang.Override	public	false	/home/nima/Developer/nullness-benchmarks/EventBus/EventBus/src/org/greenrobot/eventbus/Subscription.java
50	org.greenrobot.eventbus.Subscription	hashCode()	51	[]	java.lang.Override	public	false	/home/nima/Developer/nullness-benchmarks/EventBus/EventBus/src/org/greenrobot/eventbus/Subscription.java
52	org.greenrobot.eventbus.SubscriberMethod	SubscriberMethod(java.lang.reflect.Method,java.lang.Class,org.greenrobot.eventbus.ThreadMode,int,boolean)	0	[false, false, false, false, false]		public	false	/home/nima/Developer/nullness-benchmarks/EventBus/EventBus/src/org/greenrobot/eventbus/SubscriberMethod.java
53	org.greenrobot.eventbus.SubscriberMethod	equals(java.lang.Object)	49	[false]	java.lang.Override	public	false	/home/nima/Developer/nullness-benchmarks/EventBus/EventBus/src/org/greenrobot/eventbus/SubscriberMethod.java
54	org.greenrobot.eventbus.SubscriberMethod	checkMethodString()	0	[]		private	false	/home/nima/Developer/nullness-benchmarks/EventBus/EventBus/src/org/greenrobot/eventbus/SubscriberMethod.java
55	org.greenrobot.eventbus.SubscriberMethod	hashCode()	51	[]	java.lang.Override	public	false	/home/nima/Developer/nullness-benchmarks/EventBus/EventBus/src/org/greenrobot/eventbus/SubscriberMethod.java
56	org.greenrobot.eventbus.EventBusBuilder	EventBusBuilder()	0	[]		package	false	/home/nima/Developer/nullness-benchmarks/EventBus/EventBus/src/org/greenrobot/eventbus/EventBusBuilder.java
57	org.greenrobot.eventbus.EventBusBuilder	logSubscriberExceptions(boolean)	0	[false]		public	true	/home/nima/Developer/nullness-benchmarks/EventBus/EventBus/src/org/greenrobot/eventbus/EventBusBuilder.java
58	org.greenrobot.eventbus.EventBusBuilder	logNoSubscriberMessages(boolean)	0	[false]		public	true	/home/nima/Developer/nullness-benchmarks/EventBus/EventBus/src/org/greenrobot/eventbus/EventBusBuilder.java
59	org.greenrobot.eventbus.EventBusBuilder	sendSubscriberExceptionEvent(boolean)	0	[false]		public	true	/home/nima/Developer/nullness-benchmarks/EventBus/EventBus/src/org/greenrobot/eventbus/EventBusBuilder.java
60	org.greenrobot.eventbus.EventBusBuilder	sendNoSubscriberEvent(boolean)	0	[false]		public	true	/home/nima/Developer/nullness-benchmarks/EventBus/EventBus/src/org/greenrobot/eventbus/EventBusBuilder.java
61	org.greenrobot.eventbus.EventBusBuilder	throwSubscriberException(boolean)	0	[false]		public	true	/home/nima/Developer/nullness-benchmarks/EventBus/EventBus/src/org/greenrobot/eventbus/EventBusBuilder.java
62	org.greenrobot.eventbus.EventBusBuilder	eventInheritance(boolean)	0	[false]		public	true	/home/nima/Developer/nullness-benchmarks/EventBus/EventBus/src/org/greenrobot/eventbus/EventBusBuilder.java
63	org.greenrobot.eventbus.EventBusBuilder	executorService(java.util.concurrent.ExecutorService)	0	[false]		public	true	/home/nima/Developer/nullness-benchmarks/EventBus/EventBus/src/org/greenrobot/eventbus/EventBusBuilder.java
64	org.greenrobot.eventbus.EventBusBuilder	skipMethodVerificationFor(java.lang.Class)	0	[false]		public	true	/home/nima/Developer/nullness-benchmarks/EventBus/EventBus/src/org/greenrobot/eventbus/EventBusBuilder.java
65	org.greenrobot.eventbus.EventBusBuilder	ignoreGeneratedIndex(boolean)	0	[false]		public	true	/home/nima/Developer/nullness-benchmarks/EventBus/EventBus/src/org/greenrobot/eventbus/EventBusBuilder.java
66	org.greenrobot.eventbus.EventBusBuilder	strictMethodVerification(boolean)	0	[false]		public	true	/home/nima/Developer/nullness-benchmarks/EventBus/EventBus/src/org/greenrobot/eventbus/EventBusBuilder.java
67	org.greenrobot.eventbus.EventBusBuilder	addIndex(org.greenrobot.eventbus.meta.SubscriberInfoIndex)	0	[false]		public	true	/home/nima/Developer/nullness-benchmarks/EventBus/EventBus/src/org/greenrobot/eventbus/EventBusBuilder.java
68	org.greenrobot.eventbus.EventBusBuilder	logger(org.greenrobot.eventbus.Logger)	0	[false]		public	true	/home/nima/Developer/nullness-benchmarks/EventBus/EventBus/src/org/greenrobot/eventbus/EventBusBuilder.java
69	org.greenrobot.eventbus.EventBusBuilder	getLogger()	0	[]		package	true	/home/nima/Developer/nullness-benchmarks/EventBus/EventBus/src/org/greenrobot/eventbus/EventBusBuilder.java
70	org.greenrobot.eventbus.EventBusBuilder	getMainThreadSupport()	0	[]		package	true	/home/nima/Developer/nullness-benchmarks/EventBus/EventBus/src/org/greenrobot/eventbus/EventBusBuilder.java
71	org.greenrobot.eventbus.EventBusBuilder	getAndroidMainLooperOrNull()	0	[]		package	true	/home/nima/Developer/nullness-benchmarks/EventBus/EventBus/src/org/greenrobot/eventbus/EventBusBuilder.java
72	org.greenrobot.eventbus.EventBusBuilder	installDefaultEventBus()	0	[]		public	true	/home/nima/Developer/nullness-benchmarks/EventBus/EventBus/src/org/greenrobot/eventbus/EventBusBuilder.java
73	org.greenrobot.eventbus.EventBusBuilder	build()	0	[]		public	true	/home/nima/Developer/nullness-benchmarks/EventBus/EventBus/src/org/greenrobot/eventbus/EventBusBuilder.java
74	org.greenrobot.eventbus.MainThreadSupport	isMainThread()	0	[]		public	false	/home/nima/Developer/nullness-benchmarks/EventBus/EventBus/src/org/greenrobot/eventbus/MainThreadSupport.java
75	org.greenrobot.eventbus.MainThreadSupport	createPoster(org.greenrobot.eventbus.EventBus)	0	[false]		public	true	/home/nima/Developer/nullness-benchmarks/EventBus/EventBus/src/org/greenrobot/eventbus/MainThreadSupport.java
76	org.greenrobot.eventbus.MainThreadSupport$AndroidHandlerMainThreadSupport	AndroidHandlerMainThreadSupport(android.os.Looper)	0	[false]		public	false	/home/nima/Developer/nullness-benchmarks/EventBus/EventBus/src/org/greenrobot/eventbus/MainThreadSupport.java
77	org.greenrobot.eventbus.MainThreadSupport$AndroidHandlerMainThreadSupport	isMainThread()	74	[]	java.lang.Override	public	false	/home/nima/Developer/nullness-benchmarks/EventBus/EventBus/src/org/greenrobot/eventbus/MainThreadSupport.java
78	org.greenrobot.eventbus.MainThreadSupport$AndroidHandlerMainThreadSupport	createPoster(org.greenrobot.eventbus.EventBus)	75	[false]	java.lang.Override	public	true	/home/nima/Developer/nullness-benchmarks/EventBus/EventBus/src/org/greenrobot/eventbus/MainThreadSupport.java
79	org.greenrobot.eventbus.BackgroundPoster	BackgroundPoster(org.greenrobot.eventbus.EventBus)	0	[false]		package	false	/home/nima/Developer/nullness-benchmarks/EventBus/EventBus/src/org/greenrobot/eventbus/BackgroundPoster.java
80	org.greenrobot.eventbus.BackgroundPoster	enqueue(org.greenrobot.eventbus.Subscription,java.lang.Object)	6	[false, false]		public	false	/home/nima/Developer/nullness-benchmarks/EventBus/EventBus/src/org/greenrobot/eventbus/BackgroundPoster.java
81	org.greenrobot.eventbus.BackgroundPoster	run()	8	[]	java.lang.Override	public	false	/home/nima/Developer/nullness-benchmarks/EventBus/EventBus/src/org/greenrobot/eventbus/BackgroundPoster.java
82	org.greenrobot.eventbus.SubscriberMethodFinder	SubscriberMethodFinder(java.util.List,boolean,boolean)	0	[false, false, false]		package	false	/home/nima/Developer/nullness-benchmarks/EventBus/EventBus/src/org/greenrobot/eventbus/SubscriberMethodFinder.java
83	org.greenrobot.eventbus.SubscriberMethodFinder	findSubscriberMethods(java.lang.Class)	0	[false]		package	true	/home/nima/Developer/nullness-benchmarks/EventBus/EventBus/src/org/greenrobot/eventbus/SubscriberMethodFinder.java
84	org.greenrobot.eventbus.SubscriberMethodFinder	findUsingInfo(java.lang.Class)	0	[false]		private	true	/home/nima/Developer/nullness-benchmarks/EventBus/EventBus/src/org/greenrobot/eventbus/SubscriberMethodFinder.java
85	org.greenrobot.eventbus.SubscriberMethodFinder	getMethodsAndRelease(org.greenrobot.eventbus.SubscriberMethodFinder.FindState)	0	[false]		private	true	/home/nima/Developer/nullness-benchmarks/EventBus/EventBus/src/org/greenrobot/eventbus/SubscriberMethodFinder.java
86	org.greenrobot.eventbus.SubscriberMethodFinder	prepareFindState()	0	[]		private	true	/home/nima/Developer/nullness-benchmarks/EventBus/EventBus/src/org/greenrobot/eventbus/SubscriberMethodFinder.java
87	org.greenrobot.eventbus.SubscriberMethodFinder	getSubscriberInfo(org.greenrobot.eventbus.SubscriberMethodFinder.FindState)	0	[false]		private	true	/home/nima/Developer/nullness-benchmarks/EventBus/EventBus/src/org/greenrobot/eventbus/SubscriberMethodFinder.java
88	org.greenrobot.eventbus.SubscriberMethodFinder	findUsingReflection(java.lang.Class)	0	[false]		private	true	/home/nima/Developer/nullness-benchmarks/EventBus/EventBus/src/org/greenrobot/eventbus/SubscriberMethodFinder.java
89	org.greenrobot.eventbus.SubscriberMethodFinder	findUsingReflectionInSingleClass(org.greenrobot.eventbus.SubscriberMethodFinder.FindState)	0	[false]		private	false	/home/nima/Developer/nullness-benchmarks/EventBus/EventBus/src/org/greenrobot/eventbus/SubscriberMethodFinder.java
90	org.greenrobot.eventbus.SubscriberMethodFinder	clearCaches()	0	[]		package	false	/home/nima/Developer/nullness-benchmarks/EventBus/EventBus/src/org/greenrobot/eventbus/SubscriberMethodFinder.java
91	org.greenrobot.eventbus.SubscriberMethodFinder$FindState	initForSubscriber(java.lang.Class)	0	[false]		package	false	/home/nima/Developer/nullness-benchmarks/EventBus/EventBus/src/org/greenrobot/eventbus/SubscriberMethodFinder.java
92	org.greenrobot.eventbus.SubscriberMethodFinder$FindState	recycle()	0	[]		package	false	/home/nima/Developer/nullness-benchmarks/EventBus/EventBus/src/org/greenrobot/eventbus/SubscriberMethodFinder.java
93	org.greenrobot.eventbus.SubscriberMethodFinder$FindState	checkAdd(java.lang.reflect.Method,java.lang.Class)	0	[false, false]		package	false	/home/nima/Developer/nullness-benchmarks/EventBus/EventBus/src/org/greenrobot/eventbus/SubscriberMethodFinder.java
94	org.greenrobot.eventbus.SubscriberMethodFinder$FindState	checkAddWithMethodSignature(java.lang.reflect.Method,java.lang.Class)	0	[false, false]		private	false	/home/nima/Developer/nullness-benchmarks/EventBus/EventBus/src/org/greenrobot/eventbus/SubscriberMethodFinder.java
95	org.greenrobot.eventbus.SubscriberMethodFinder$FindState	moveToSuperclass()	0	[]		package	false	/home/nima/Developer/nullness-benchmarks/EventBus/EventBus/src/org/greenrobot/eventbus/SubscriberMethodFinder.java
96	org.greenrobot.eventbus.Logger	log(java.util.logging.Level,java.lang.String)	0	[false, false]		public	false	/home/nima/Developer/nullness-benchmarks/EventBus/EventBus/src/org/greenrobot/eventbus/Logger.java
97	org.greenrobot.eventbus.Logger	log(java.util.logging.Level,java.lang.String,java.lang.Throwable)	0	[false, false, false]		public	false	/home/nima/Developer/nullness-benchmarks/EventBus/EventBus/src/org/greenrobot/eventbus/Logger.java
98	org.greenrobot.eventbus.Logger$JavaLogger	JavaLogger(java.lang.String)	0	[false]		public	false	/home/nima/Developer/nullness-benchmarks/EventBus/EventBus/src/org/greenrobot/eventbus/Logger.java
99	org.greenrobot.eventbus.Logger$JavaLogger	log(java.util.logging.Level,java.lang.String)	96	[false, false]	java.lang.Override	public	false	/home/nima/Developer/nullness-benchmarks/EventBus/EventBus/src/org/greenrobot/eventbus/Logger.java
100	org.greenrobot.eventbus.Logger$JavaLogger	log(java.util.logging.Level,java.lang.String,java.lang.Throwable)	97	[false, false, false]	java.lang.Override	public	false	/home/nima/Developer/nullness-benchmarks/EventBus/EventBus/src/org/greenrobot/eventbus/Logger.java
101	org.greenrobot.eventbus.Logger$SystemOutLogger	log(java.util.logging.Level,java.lang.String)	96	[false, false]	java.lang.Override	public	false	/home/nima/Developer/nullness-benchmarks/EventBus/EventBus/src/org/greenrobot/eventbus/Logger.java
102	org.greenrobot.eventbus.Logger$SystemOutLogger	log(java.util.logging.Level,java.lang.String,java.lang.Throwable)	97	[false, false, false]	java.lang.Override	public	false	/home/nima/Developer/nullness-benchmarks/EventBus/EventBus/src/org/greenrobot/eventbus/Logger.java
103	org.greenrobot.eventbus.Logger$Default	get()	0	[]		public	true	/home/nima/Developer/nullness-benchmarks/EventBus/EventBus/src/org/greenrobot/eventbus/Logger.java
104	org.greenrobot.eventbus.Logger$Default	getAndroidMainLooperOrNull()	0	[]		package	true	/home/nima/Developer/nullness-benchmarks/EventBus/EventBus/src/org/greenrobot/eventbus/Logger.java
105	org.greenrobot.eventbus.PendingPost	PendingPost(java.lang.Object,org.greenrobot.eventbus.Subscription)	0	[false, false]		private	false	/home/nima/Developer/nullness-benchmarks/EventBus/EventBus/src/org/greenrobot/eventbus/PendingPost.java
106	org.greenrobot.eventbus.PendingPost	obtainPendingPost(org.greenrobot.eventbus.Subscription,java.lang.Object)	0	[false, false]		package	true	/home/nima/Developer/nullness-benchmarks/EventBus/EventBus/src/org/greenrobot/eventbus/PendingPost.java
107	org.greenrobot.eventbus.PendingPost	releasePendingPost(org.greenrobot.eventbus.PendingPost)	0	[false]		package	false	/home/nima/Developer/nullness-benchmarks/EventBus/EventBus/src/org/greenrobot/eventbus/PendingPost.java
108	org.greenrobot.eventbus.meta.SubscriberInfoIndex	getSubscriberInfo(java.lang.Class)	0	[false]		public	true	/home/nima/Developer/nullness-benchmarks/EventBus/EventBus/src/org/greenrobot/eventbus/meta/SubscriberInfoIndex.java
109	org.greenrobot.eventbus.meta.SubscriberInfo	getSubscriberClass()	0	[]		public	true	/home/nima/Developer/nullness-benchmarks/EventBus/EventBus/src/org/greenrobot/eventbus/meta/SubscriberInfo.java
110	org.greenrobot.eventbus.meta.SubscriberInfo	getSubscriberMethods()	0	[]		public	true	/home/nima/Developer/nullness-benchmarks/EventBus/EventBus/src/org/greenrobot/eventbus/meta/SubscriberInfo.java
111	org.greenrobot.eventbus.meta.SubscriberInfo	getSuperSubscriberInfo()	0	[]		public	true	/home/nima/Developer/nullness-benchmarks/EventBus/EventBus/src/org/greenrobot/eventbus/meta/SubscriberInfo.java
112	org.greenrobot.eventbus.meta.SubscriberInfo	shouldCheckSuperclass()	0	[]		public	false	/home/nima/Developer/nullness-benchmarks/EventBus/EventBus/src/org/greenrobot/eventbus/meta/SubscriberInfo.java
113	org.greenrobot.eventbus.NoSubscriberEvent	NoSubscriberEvent(org.greenrobot.eventbus.EventBus,java.lang.Object)	0	[false, false]		public	false	/home/nima/Developer/nullness-benchmarks/EventBus/EventBus/src/org/greenrobot/eventbus/NoSubscriberEvent.java
114	org.greenrobot.eventbus.android.AndroidLogger	isAndroidLogAvailable()	0	[]		public	false	/home/nima/Developer/nullness-benchmarks/EventBus/EventBus/src/org/greenrobot/eventbus/android/AndroidLogger.java
115	org.greenrobot.eventbus.android.AndroidLogger	AndroidLogger(java.lang.String)	0	[false]		public	false	/home/nima/Developer/nullness-benchmarks/EventBus/EventBus/src/org/greenrobot/eventbus/android/AndroidLogger.java
116	org.greenrobot.eventbus.android.AndroidLogger	log(java.util.logging.Level,java.lang.String)	96	[false, false]		public	false	/home/nima/Developer/nullness-benchmarks/EventBus/EventBus/src/org/greenrobot/eventbus/android/AndroidLogger.java
117	org.greenrobot.eventbus.android.AndroidLogger	log(java.util.logging.Level,java.lang.String,java.lang.Throwable)	97	[false, false, false]		public	false	/home/nima/Developer/nullness-benchmarks/EventBus/EventBus/src/org/greenrobot/eventbus/android/AndroidLogger.java
118	org.greenrobot.eventbus.android.AndroidLogger	mapLevel(java.util.logging.Level)	0	[false]		private	false	/home/nima/Developer/nullness-benchmarks/EventBus/EventBus/src/org/greenrobot/eventbus/android/AndroidLogger.java
119	org.greenrobot.eventbus.Subscribe	threadMode()	0	[]		public	true	/home/nima/Developer/nullness-benchmarks/EventBus/EventBus/src/org/greenrobot/eventbus/Subscribe.java
120	org.greenrobot.eventbus.Subscribe	sticky()	0	[]		public	false	/home/nima/Developer/nullness-benchmarks/EventBus/EventBus/src/org/greenrobot/eventbus/Subscribe.java
121	org.greenrobot.eventbus.Subscribe	priority()	0	[]		public	false	/home/nima/Developer/nullness-benchmarks/EventBus/EventBus/src/org/greenrobot/eventbus/Subscribe.java
122	org.greenrobot.eventbus.util.ErrorDialogManager$SupportManagerFragment	onCreate(android.os.Bundle)	123	[false]	java.lang.Override	public	false	/home/nima/Developer/nullness-benchmarks/EventBus/EventBus/src/org/greenrobot/eventbus/util/ErrorDialogManager.java
124	org.greenrobot.eventbus.util.ErrorDialogManager$SupportManagerFragment	onResume()	125	[]	java.lang.Override	public	false	/home/nima/Developer/nullness-benchmarks/EventBus/EventBus/src/org/greenrobot/eventbus/util/ErrorDialogManager.java
126	org.greenrobot.eventbus.util.ErrorDialogManager$SupportManagerFragment	onPause()	127	[]	java.lang.Override	public	false	/home/nima/Developer/nullness-benchmarks/EventBus/EventBus/src/org/greenrobot/eventbus/util/ErrorDialogManager.java
128	org.greenrobot.eventbus.util.ErrorDialogManager$SupportManagerFragment	onEventMainThread(org.greenrobot.eventbus.util.ThrowableFailureEvent)	0	[false]		public	false	/home/nima/Developer/nullness-benchmarks/EventBus/EventBus/src/org/greenrobot/eventbus/util/ErrorDialogManager.java
129	org.greenrobot.eventbus.util.ErrorDialogManager$SupportManagerFragment	attachTo(android.app.Activity,java.lang.Object,boolean,android.os.Bundle)	0	[false, false, false, false]		public	false	/home/nima/Developer/nullness-benchmarks/EventBus/EventBus/src/org/greenrobot/eventbus/util/ErrorDialogManager.java
130	org.greenrobot.eventbus.util.ErrorDialogManager$HoneycombManagerFragment	onResume()	131	[]	java.lang.Override	public	false	/home/nima/Developer/nullness-benchmarks/EventBus/EventBus/src/org/greenrobot/eventbus/util/ErrorDialogManager.java
132	org.greenrobot.eventbus.util.ErrorDialogManager$HoneycombManagerFragment	onPause()	133	[]	java.lang.Override	public	false	/home/nima/Developer/nullness-benchmarks/EventBus/EventBus/src/org/greenrobot/eventbus/util/ErrorDialogManager.java
134	org.greenrobot.eventbus.util.ErrorDialogManager$HoneycombManagerFragment	onEventMainThread(org.greenrobot.eventbus.util.ThrowableFailureEvent)	0	[false]		public	false	/home/nima/Developer/nullness-benchmarks/EventBus/EventBus/src/org/greenrobot/eventbus/util/ErrorDialogManager.java
135	org.greenrobot.eventbus.util.ErrorDialogManager$HoneycombManagerFragment	attachTo(android.app.Activity,java.lang.Object,boolean,android.os.Bundle)	0	[false, false, false, false]		public	false	/home/nima/Developer/nullness-benchmarks/EventBus/EventBus/src/org/greenrobot/eventbus/util/ErrorDialogManager.java
136	org.greenrobot.eventbus.util.ErrorDialogManager	attachTo(android.app.Activity)	0	[false]		public	false	/home/nima/Developer/nullness-benchmarks/EventBus/EventBus/src/org/greenrobot/eventbus/util/ErrorDialogManager.java
137	org.greenrobot.eventbus.util.ErrorDialogManager	attachTo(android.app.Activity,boolean)	0	[false, false]		public	false	/home/nima/Developer/nullness-benchmarks/EventBus/EventBus/src/org/greenrobot/eventbus/util/ErrorDialogManager.java
138	org.greenrobot.eventbus.util.ErrorDialogManager	attachTo(android.app.Activity,boolean,android.os.Bundle)	0	[false, false, false]		public	false	/home/nima/Developer/nullness-benchmarks/EventBus/EventBus/src/org/greenrobot/eventbus/util/ErrorDialogManager.java
139	org.greenrobot.eventbus.util.ErrorDialogManager	attachTo(android.app.Activity,java.lang.Object,boolean,android.os.Bundle)	0	[false, false, false, false]		public	false	/home/nima/Developer/nullness-benchmarks/EventBus/EventBus/src/org/greenrobot/eventbus/util/ErrorDialogManager.java
140	org.greenrobot.eventbus.util.ErrorDialogManager	isSupportActivity(android.app.Activity)	0	[false]		private	false	/home/nima/Developer/nullness-benchmarks/EventBus/EventBus/src/org/greenrobot/eventbus/util/ErrorDialogManager.java
141	org.greenrobot.eventbus.util.ErrorDialogManager	checkLogException(org.greenrobot.eventbus.util.ThrowableFailureEvent)	0	[false]		protected	false	/home/nima/Developer/nullness-benchmarks/EventBus/EventBus/src/org/greenrobot/eventbus/util/ErrorDialogManager.java
142	org.greenrobot.eventbus.util.ErrorDialogManager	isInExecutionScope(java.lang.Object,org.greenrobot.eventbus.util.ThrowableFailureEvent)	0	[false, false]		private	false	/home/nima/Developer/nullness-benchmarks/EventBus/EventBus/src/org/greenrobot/eventbus/util/ErrorDialogManager.java
143	org.greenrobot.eventbus.util.ErrorDialogFragmentFactory	ErrorDialogFragmentFactory(org.greenrobot.eventbus.util.ErrorDialogConfig)	0	[false]		protected	false	/home/nima/Developer/nullness-benchmarks/EventBus/EventBus/src/org/greenrobot/eventbus/util/ErrorDialogFragmentFactory.java
144	org.greenrobot.eventbus.util.ErrorDialogFragmentFactory	prepareErrorFragment(org.greenrobot.eventbus.util.ThrowableFailureEvent,boolean,android.os.Bundle)	0	[false, false, false]		protected	true	/home/nima/Developer/nullness-benchmarks/EventBus/EventBus/src/org/greenrobot/eventbus/util/ErrorDialogFragmentFactory.java
145	org.greenrobot.eventbus.util.ErrorDialogFragmentFactory	createErrorFragment(org.greenrobot.eventbus.util.ThrowableFailureEvent,android.os.Bundle)	0	[false, false]		protected	true	/home/nima/Developer/nullness-benchmarks/EventBus/EventBus/src/org/greenrobot/eventbus/util/ErrorDialogFragmentFactory.java
146	org.greenrobot.eventbus.util.ErrorDialogFragmentFactory	getTitleFor(org.greenrobot.eventbus.util.ThrowableFailureEvent,android.os.Bundle)	0	[false, false]		protected	true	/home/nima/Developer/nullness-benchmarks/EventBus/EventBus/src/org/greenrobot/eventbus/util/ErrorDialogFragmentFactory.java
147	org.greenrobot.eventbus.util.ErrorDialogFragmentFactory	getMessageFor(org.greenrobot.eventbus.util.ThrowableFailureEvent,android.os.Bundle)	0	[false, false]		protected	true	/home/nima/Developer/nullness-benchmarks/EventBus/EventBus/src/org/greenrobot/eventbus/util/ErrorDialogFragmentFactory.java
148	org.greenrobot.eventbus.util.ErrorDialogFragmentFactory$Support	Support(org.greenrobot.eventbus.util.ErrorDialogConfig)	0	[false]		public	false	/home/nima/Developer/nullness-benchmarks/EventBus/EventBus/src/org/greenrobot/eventbus/util/ErrorDialogFragmentFactory.java
149	org.greenrobot.eventbus.util.ErrorDialogFragmentFactory$Support	createErrorFragment(org.greenrobot.eventbus.util.ThrowableFailureEvent,android.os.Bundle)	145	[false, false]		protected	true	/home/nima/Developer/nullness-benchmarks/EventBus/EventBus/src/org/greenrobot/eventbus/util/ErrorDialogFragmentFactory.java
150	org.greenrobot.eventbus.util.ErrorDialogFragmentFactory$Honeycomb	Honeycomb(org.greenrobot.eventbus.util.ErrorDialogConfig)	0	[false]		public	false	/home/nima/Developer/nullness-benchmarks/EventBus/EventBus/src/org/greenrobot/eventbus/util/ErrorDialogFragmentFactory.java
151	org.greenrobot.eventbus.util.ErrorDialogFragmentFactory$Honeycomb	createErrorFragment(org.greenrobot.eventbus.util.ThrowableFailureEvent,android.os.Bundle)	145	[false, false]		protected	true	/home/nima/Developer/nullness-benchmarks/EventBus/EventBus/src/org/greenrobot/eventbus/util/ErrorDialogFragmentFactory.java
152	org.greenrobot.eventbus.util.ThrowableFailureEvent	ThrowableFailureEvent(java.lang.Throwable)	0	[false]		public	false	/home/nima/Developer/nullness-benchmarks/EventBus/EventBus/src/org/greenrobot/eventbus/util/ThrowableFailureEvent.java
153	org.greenrobot.eventbus.util.ThrowableFailureEvent	ThrowableFailureEvent(java.lang.Throwable,boolean)	0	[false, false]		public	false	/home/nima/Developer/nullness-benchmarks/EventBus/EventBus/src/org/greenrobot/eventbus/util/ThrowableFailureEvent.java
154	org.greenrobot.eventbus.util.ThrowableFailureEvent	getThrowable()	0	[]		public	true	/home/nima/Developer/nullness-benchmarks/EventBus/EventBus/src/org/greenrobot/eventbus/util/ThrowableFailureEvent.java
155	org.greenrobot.eventbus.util.ThrowableFailureEvent	isSuppressErrorUi()	0	[]		public	false	/home/nima/Developer/nullness-benchmarks/EventBus/EventBus/src/org/greenrobot/eventbus/util/ThrowableFailureEvent.java
156	org.greenrobot.eventbus.util.ThrowableFailureEvent	getExecutionScope()	157	[]		public	true	/home/nima/Developer/nullness-benchmarks/EventBus/EventBus/src/org/greenrobot/eventbus/util/ThrowableFailureEvent.java
158	org.greenrobot.eventbus.util.ThrowableFailureEvent	setExecutionScope(java.lang.Object)	159	[false]		public	false	/home/nima/Developer/nullness-benchmarks/EventBus/EventBus/src/org/greenrobot/eventbus/util/ThrowableFailureEvent.java
157	org.greenrobot.eventbus.util.HasExecutionScope	getExecutionScope()	0	[]		public	true	/home/nima/Developer/nullness-benchmarks/EventBus/EventBus/src/org/greenrobot/eventbus/util/HasExecutionScope.java
159	org.greenrobot.eventbus.util.HasExecutionScope	setExecutionScope(java.lang.Object)	0	[false]		public	false	/home/nima/Developer/nullness-benchmarks/EventBus/EventBus/src/org/greenrobot/eventbus/util/HasExecutionScope.java
160	org.greenrobot.eventbus.util.ErrorDialogConfig	ErrorDialogConfig(android.content.res.Resources,int,int)	0	[false, false, false]		public	false	/home/nima/Developer/nullness-benchmarks/EventBus/EventBus/src/org/greenrobot/eventbus/util/ErrorDialogConfig.java
161	org.greenrobot.eventbus.util.ErrorDialogConfig	addMapping(java.lang.Class,int)	0	[false, false]		public	true	/home/nima/Developer/nullness-benchmarks/EventBus/EventBus/src/org/greenrobot/eventbus/util/ErrorDialogConfig.java
162	org.greenrobot.eventbus.util.ErrorDialogConfig	getMessageIdForThrowable(java.lang.Throwable)	0	[false]		public	false	/home/nima/Developer/nullness-benchmarks/EventBus/EventBus/src/org/greenrobot/eventbus/util/ErrorDialogConfig.java
163	org.greenrobot.eventbus.util.ErrorDialogConfig	setDefaultDialogIconId(int)	0	[false]		public	false	/home/nima/Developer/nullness-benchmarks/EventBus/EventBus/src/org/greenrobot/eventbus/util/ErrorDialogConfig.java
164	org.greenrobot.eventbus.util.ErrorDialogConfig	setDefaultEventTypeOnDialogClosed(java.lang.Class)	0	[false]		public	false	/home/nima/Developer/nullness-benchmarks/EventBus/EventBus/src/org/greenrobot/eventbus/util/ErrorDialogConfig.java
165	org.greenrobot.eventbus.util.ErrorDialogConfig	disableExceptionLogging()	0	[]		public	false	/home/nima/Developer/nullness-benchmarks/EventBus/EventBus/src/org/greenrobot/eventbus/util/ErrorDialogConfig.java
166	org.greenrobot.eventbus.util.ErrorDialogConfig	setTagForLoggingExceptions(java.lang.String)	0	[false]		public	false	/home/nima/Developer/nullness-benchmarks/EventBus/EventBus/src/org/greenrobot/eventbus/util/ErrorDialogConfig.java
167	org.greenrobot.eventbus.util.ErrorDialogConfig	setEventBus(org.greenrobot.eventbus.EventBus)	0	[false]		public	false	/home/nima/Developer/nullness-benchmarks/EventBus/EventBus/src/org/greenrobot/eventbus/util/ErrorDialogConfig.java
168	org.greenrobot.eventbus.util.ErrorDialogConfig	getEventBus()	0	[]		package	true	/home/nima/Developer/nullness-benchmarks/EventBus/EventBus/src/org/greenrobot/eventbus/util/ErrorDialogConfig.java
169	org.greenrobot.eventbus.util.ExceptionToResourceMapping	ExceptionToResourceMapping()	0	[]		public	false	/home/nima/Developer/nullness-benchmarks/EventBus/EventBus/src/org/greenrobot/eventbus/util/ExceptionToResourceMapping.java
170	org.greenrobot.eventbus.util.ExceptionToResourceMapping	mapThrowable(java.lang.Throwable)	0	[false]		public	true	/home/nima/Developer/nullness-benchmarks/EventBus/EventBus/src/org/greenrobot/eventbus/util/ExceptionToResourceMapping.java
171	org.greenrobot.eventbus.util.ExceptionToResourceMapping	mapThrowableFlat(java.lang.Throwable)	0	[false]		protected	true	/home/nima/Developer/nullness-benchmarks/EventBus/EventBus/src/org/greenrobot/eventbus/util/ExceptionToResourceMapping.java
172	org.greenrobot.eventbus.util.ExceptionToResourceMapping	addMapping(java.lang.Class,int)	0	[false, false]		public	true	/home/nima/Developer/nullness-benchmarks/EventBus/EventBus/src/org/greenrobot/eventbus/util/ExceptionToResourceMapping.java
173	org.greenrobot.eventbus.util.ErrorDialogFragments	createDialog(android.content.Context,android.os.Bundle,android.content.DialogInterface.OnClickListener)	0	[false, false, false]		public	true	/home/nima/Developer/nullness-benchmarks/EventBus/EventBus/src/org/greenrobot/eventbus/util/ErrorDialogFragments.java
174	org.greenrobot.eventbus.util.ErrorDialogFragments	handleOnClick(android.content.DialogInterface,int,android.app.Activity,android.os.Bundle)	0	[false, false, false, false]		public	false	/home/nima/Developer/nullness-benchmarks/EventBus/EventBus/src/org/greenrobot/eventbus/util/ErrorDialogFragments.java
175	org.greenrobot.eventbus.util.ErrorDialogFragments$Honeycomb	onCreateDialog(android.os.Bundle)	176	[false]	java.lang.Override	public	true	/home/nima/Developer/nullness-benchmarks/EventBus/EventBus/src/org/greenrobot/eventbus/util/ErrorDialogFragments.java
177	org.greenrobot.eventbus.util.ErrorDialogFragments$Honeycomb	onClick(android.content.DialogInterface,int)	178	[false, false]	java.lang.Override	public	false	/home/nima/Developer/nullness-benchmarks/EventBus/EventBus/src/org/greenrobot/eventbus/util/ErrorDialogFragments.java
179	org.greenrobot.eventbus.util.ErrorDialogFragments$Support	onCreateDialog(android.os.Bundle)	180	[false]	java.lang.Override	public	true	/home/nima/Developer/nullness-benchmarks/EventBus/EventBus/src/org/greenrobot/eventbus/util/ErrorDialogFragments.java
181	org.greenrobot.eventbus.util.ErrorDialogFragments$Support	onClick(android.content.DialogInterface,int)	178	[false, false]	java.lang.Override	public	false	/home/nima/Developer/nullness-benchmarks/EventBus/EventBus/src/org/greenrobot/eventbus/util/ErrorDialogFragments.java
182	org.greenrobot.eventbus.util.AsyncExecutor$Builder	Builder()	0	[]		private	false	/home/nima/Developer/nullness-benchmarks/EventBus/EventBus/src/org/greenrobot/eventbus/util/AsyncExecutor.java
183	org.greenrobot.eventbus.util.AsyncExecutor$Builder	threadPool(java.util.concurrent.Executor)	0	[false]		public	true	/home/nima/Developer/nullness-benchmarks/EventBus/EventBus/src/org/greenrobot/eventbus/util/AsyncExecutor.java
184	org.greenrobot.eventbus.util.AsyncExecutor$Builder	failureEventType(java.lang.Class)	0	[false]		public	true	/home/nima/Developer/nullness-benchmarks/EventBus/EventBus/src/org/greenrobot/eventbus/util/AsyncExecutor.java
185	org.greenrobot.eventbus.util.AsyncExecutor$Builder	eventBus(org.greenrobot.eventbus.EventBus)	0	[false]		public	true	/home/nima/Developer/nullness-benchmarks/EventBus/EventBus/src/org/greenrobot/eventbus/util/AsyncExecutor.java
186	org.greenrobot.eventbus.util.AsyncExecutor$Builder	build()	0	[]		public	true	/home/nima/Developer/nullness-benchmarks/EventBus/EventBus/src/org/greenrobot/eventbus/util/AsyncExecutor.java
187	org.greenrobot.eventbus.util.AsyncExecutor$Builder	buildForScope(java.lang.Object)	0	[false]		public	true	/home/nima/Developer/nullness-benchmarks/EventBus/EventBus/src/org/greenrobot/eventbus/util/AsyncExecutor.java
188	org.greenrobot.eventbus.util.AsyncExecutor$RunnableEx	run()	0	[]		public	false	/home/nima/Developer/nullness-benchmarks/EventBus/EventBus/src/org/greenrobot/eventbus/util/AsyncExecutor.java
189	org.greenrobot.eventbus.util.AsyncExecutor	builder()	0	[]		public	true	/home/nima/Developer/nullness-benchmarks/EventBus/EventBus/src/org/greenrobot/eventbus/util/AsyncExecutor.java
190	org.greenrobot.eventbus.util.AsyncExecutor	create()	0	[]		public	true	/home/nima/Developer/nullness-benchmarks/EventBus/EventBus/src/org/greenrobot/eventbus/util/AsyncExecutor.java
191	org.greenrobot.eventbus.util.AsyncExecutor	AsyncExecutor(java.util.concurrent.Executor,org.greenrobot.eventbus.EventBus,java.lang.Class,java.lang.Object)	0	[false, false, false, false]		private	false	/home/nima/Developer/nullness-benchmarks/EventBus/EventBus/src/org/greenrobot/eventbus/util/AsyncExecutor.java
192	org.greenrobot.eventbus.util.AsyncExecutor	execute(org.greenrobot.eventbus.util.AsyncExecutor.RunnableEx)	0	[false]		public	false	/home/nima/Developer/nullness-benchmarks/EventBus/EventBus/src/org/greenrobot/eventbus/util/AsyncExecutor.java
193	org.greenrobot.eventbus.util.AsyncExecutor$1	run()	8	[]	java.lang.Override	public	false	/home/nima/Developer/nullness-benchmarks/EventBus/EventBus/src/org/greenrobot/eventbus/util/AsyncExecutor.java
194	org.greenrobot.eventbus.SubscriberExceptionEvent	SubscriberExceptionEvent(org.greenrobot.eventbus.EventBus,java.lang.Throwable,java.lang.Object,java.lang.Object)	0	[false, false, false, false]		public	false	/home/nima/Developer/nullness-benchmarks/EventBus/EventBus/src/org/greenrobot/eventbus/SubscriberExceptionEvent.java
195	org.greenrobot.eventbus.meta.SubscriberMethodInfo	SubscriberMethodInfo(java.lang.String,java.lang.Class,org.greenrobot.eventbus.ThreadMode,int,boolean)	0	[false, false, false, false, false]		public	false	/home/nima/Developer/nullness-benchmarks/EventBus/EventBus/src/org/greenrobot/eventbus/meta/SubscriberMethodInfo.java
196	org.greenrobot.eventbus.meta.SubscriberMethodInfo	SubscriberMethodInfo(java.lang.String,java.lang.Class)	0	[false, false]		public	false	/home/nima/Developer/nullness-benchmarks/EventBus/EventBus/src/org/greenrobot/eventbus/meta/SubscriberMethodInfo.java
197	org.greenrobot.eventbus.meta.SubscriberMethodInfo	SubscriberMethodInfo(java.lang.String,java.lang.Class,org.greenrobot.eventbus.ThreadMode)	0	[false, false, false]		public	false	/home/nima/Developer/nullness-benchmarks/EventBus/EventBus/src/org/greenrobot/eventbus/meta/SubscriberMethodInfo.java
198	org.greenrobot.eventbus.meta.AbstractSubscriberInfo	AbstractSubscriberInfo(java.lang.Class,java.lang.Class,boolean)	0	[false, false, false]		protected	false	/home/nima/Developer/nullness-benchmarks/EventBus/EventBus/src/org/greenrobot/eventbus/meta/AbstractSubscriberInfo.java
199	org.greenrobot.eventbus.meta.AbstractSubscriberInfo	getSubscriberClass()	109	[]	java.lang.Override	public	true	/home/nima/Developer/nullness-benchmarks/EventBus/EventBus/src/org/greenrobot/eventbus/meta/AbstractSubscriberInfo.java
200	org.greenrobot.eventbus.meta.AbstractSubscriberInfo	getSuperSubscriberInfo()	111	[]	java.lang.Override	public	true	/home/nima/Developer/nullness-benchmarks/EventBus/EventBus/src/org/greenrobot/eventbus/meta/AbstractSubscriberInfo.java
201	org.greenrobot.eventbus.meta.AbstractSubscriberInfo	shouldCheckSuperclass()	112	[]	java.lang.Override	public	false	/home/nima/Developer/nullness-benchmarks/EventBus/EventBus/src/org/greenrobot/eventbus/meta/AbstractSubscriberInfo.java
202	org.greenrobot.eventbus.meta.AbstractSubscriberInfo	createSubscriberMethod(java.lang.String,java.lang.Class)	0	[false, false]		protected	true	/home/nima/Developer/nullness-benchmarks/EventBus/EventBus/src/org/greenrobot/eventbus/meta/AbstractSubscriberInfo.java
203	org.greenrobot.eventbus.meta.AbstractSubscriberInfo	createSubscriberMethod(java.lang.String,java.lang.Class,org.greenrobot.eventbus.ThreadMode)	0	[false, false, false]		protected	true	/home/nima/Developer/nullness-benchmarks/EventBus/EventBus/src/org/greenrobot/eventbus/meta/AbstractSubscriberInfo.java
204	org.greenrobot.eventbus.meta.AbstractSubscriberInfo	createSubscriberMethod(java.lang.String,java.lang.Class,org.greenrobot.eventbus.ThreadMode,int,boolean)	0	[false, false, false, false, false]		protected	true	/home/nima/Developer/nullness-benchmarks/EventBus/EventBus/src/org/greenrobot/eventbus/meta/AbstractSubscriberInfo.java
205	org.greenrobot.eventbus.meta.SimpleSubscriberInfo	SimpleSubscriberInfo(java.lang.Class,boolean,org.greenrobot.eventbus.meta.SubscriberMethodInfo[])	0	[false, false, false]		public	false	/home/nima/Developer/nullness-benchmarks/EventBus/EventBus/src/org/greenrobot/eventbus/meta/SimpleSubscriberInfo.java
206	org.greenrobot.eventbus.meta.SimpleSubscriberInfo	getSubscriberMethods()	110	[]	java.lang.Override	public	true	/home/nima/Developer/nullness-benchmarks/EventBus/EventBus/src/org/greenrobot/eventbus/meta/SimpleSubscriberInfo.java
207	org.greenrobot.eventbus.HandlerPoster	HandlerPoster(org.greenrobot.eventbus.EventBus,android.os.Looper,int)	0	[false, false, false]		protected	false	/home/nima/Developer/nullness-benchmarks/EventBus/EventBus/src/org/greenrobot/eventbus/HandlerPoster.java
208	org.greenrobot.eventbus.HandlerPoster	enqueue(org.greenrobot.eventbus.Subscription,java.lang.Object)	6	[false, false]		public	false	/home/nima/Developer/nullness-benchmarks/EventBus/EventBus/src/org/greenrobot/eventbus/HandlerPoster.java
209	org.greenrobot.eventbus.HandlerPoster	handleMessage(android.os.Message)	210	[false]	java.lang.Override	public	false	/home/nima/Developer/nullness-benchmarks/EventBus/EventBus/src/org/greenrobot/eventbus/HandlerPoster.java
