class	path
org.greenrobot.eventbus.meta.SubscriberInfoIndex	/tmp/projects/EventBus/EventBus/src/org/greenrobot/eventbus/meta/SubscriberInfoIndex.java
org.greenrobot.eventbus.meta.SubscriberInfo	/tmp/projects/EventBus/EventBus/src/org/greenrobot/eventbus/meta/SubscriberInfo.java
org.greenrobot.eventbus.SubscriberMethod	/tmp/projects/EventBus/EventBus/src/org/greenrobot/eventbus/SubscriberMethod.java
org.greenrobot.eventbus.ThreadMode	/tmp/projects/EventBus/EventBus/src/org/greenrobot/eventbus/ThreadMode.java
org.greenrobot.eventbus.meta.SubscriberMethodInfo	/tmp/projects/EventBus/EventBus/src/org/greenrobot/eventbus/meta/SubscriberMethodInfo.java
org.greenrobot.eventbus.meta.AbstractSubscriberInfo	/tmp/projects/EventBus/EventBus/src/org/greenrobot/eventbus/meta/AbstractSubscriberInfo.java
org.greenrobot.eventbus.meta.SimpleSubscriberInfo	/tmp/projects/EventBus/EventBus/src/org/greenrobot/eventbus/meta/SimpleSubscriberInfo.java
org.greenrobot.eventbus.PendingPostQueue	/tmp/projects/EventBus/EventBus/src/org/greenrobot/eventbus/PendingPostQueue.java
org.greenrobot.eventbus.PendingPost	/tmp/projects/EventBus/EventBus/src/org/greenrobot/eventbus/PendingPost.java
org.greenrobot.eventbus.Subscription	/tmp/projects/EventBus/EventBus/src/org/greenrobot/eventbus/Subscription.java
org.greenrobot.eventbus.SubscriberExceptionEvent	/tmp/projects/EventBus/EventBus/src/org/greenrobot/eventbus/SubscriberExceptionEvent.java
org.greenrobot.eventbus.EventBus	/tmp/projects/EventBus/EventBus/src/org/greenrobot/eventbus/EventBus.java
org.greenrobot.eventbus.EventBus$1	/tmp/projects/EventBus/EventBus/src/org/greenrobot/eventbus/EventBus.java
org.greenrobot.eventbus.EventBus$PostingThreadState	/tmp/projects/EventBus/EventBus/src/org/greenrobot/eventbus/EventBus.java
org.greenrobot.eventbus.EventBus$PostCallback	/tmp/projects/EventBus/EventBus/src/org/greenrobot/eventbus/EventBus.java
org.greenrobot.eventbus.EventBusBuilder	/tmp/projects/EventBus/EventBus/src/org/greenrobot/eventbus/EventBusBuilder.java
org.greenrobot.eventbus.MainThreadSupport	/tmp/projects/EventBus/EventBus/src/org/greenrobot/eventbus/MainThreadSupport.java
org.greenrobot.eventbus.MainThreadSupport$AndroidHandlerMainThreadSupport	/tmp/projects/EventBus/EventBus/src/org/greenrobot/eventbus/MainThreadSupport.java
org.greenrobot.eventbus.Poster	/tmp/projects/EventBus/EventBus/src/org/greenrobot/eventbus/Poster.java
org.greenrobot.eventbus.BackgroundPoster	/tmp/projects/EventBus/EventBus/src/org/greenrobot/eventbus/BackgroundPoster.java
org.greenrobot.eventbus.AsyncPoster	/tmp/projects/EventBus/EventBus/src/org/greenrobot/eventbus/AsyncPoster.java
org.greenrobot.eventbus.SubscriberMethodFinder	/tmp/projects/EventBus/EventBus/src/org/greenrobot/eventbus/SubscriberMethodFinder.java
org.greenrobot.eventbus.SubscriberMethodFinder$FindState	/tmp/projects/EventBus/EventBus/src/org/greenrobot/eventbus/SubscriberMethodFinder.java
org.greenrobot.eventbus.Logger	/tmp/projects/EventBus/EventBus/src/org/greenrobot/eventbus/Logger.java
org.greenrobot.eventbus.Logger$JavaLogger	/tmp/projects/EventBus/EventBus/src/org/greenrobot/eventbus/Logger.java
org.greenrobot.eventbus.Logger$SystemOutLogger	/tmp/projects/EventBus/EventBus/src/org/greenrobot/eventbus/Logger.java
org.greenrobot.eventbus.Logger$Default	/tmp/projects/EventBus/EventBus/src/org/greenrobot/eventbus/Logger.java
org.greenrobot.eventbus.HandlerPoster	/tmp/projects/EventBus/EventBus/src/org/greenrobot/eventbus/HandlerPoster.java
org.greenrobot.eventbus.EventBusException	/tmp/projects/EventBus/EventBus/src/org/greenrobot/eventbus/EventBusException.java
org.greenrobot.eventbus.NullUnmarked	/tmp/projects/EventBus/EventBus/src/org/greenrobot/eventbus/NullUnmarked.java
org.greenrobot.eventbus.android.AndroidLogger	/tmp/projects/EventBus/EventBus/src/org/greenrobot/eventbus/android/AndroidLogger.java
org.greenrobot.eventbus.Initializer	/tmp/projects/EventBus/EventBus/src/org/greenrobot/eventbus/Initializer.java
org.greenrobot.eventbus.Subscribe	/tmp/projects/EventBus/EventBus/src/org/greenrobot/eventbus/Subscribe.java
org.greenrobot.eventbus.NoSubscriberEvent	/tmp/projects/EventBus/EventBus/src/org/greenrobot/eventbus/NoSubscriberEvent.java
org.greenrobot.eventbus.util.AsyncExecutor	/tmp/projects/EventBus/EventBus/src/org/greenrobot/eventbus/util/AsyncExecutor.java
org.greenrobot.eventbus.util.AsyncExecutor$Builder	/tmp/projects/EventBus/EventBus/src/org/greenrobot/eventbus/util/AsyncExecutor.java
org.greenrobot.eventbus.util.AsyncExecutor$RunnableEx	/tmp/projects/EventBus/EventBus/src/org/greenrobot/eventbus/util/AsyncExecutor.java
org.greenrobot.eventbus.util.AsyncExecutor$1	/tmp/projects/EventBus/EventBus/src/org/greenrobot/eventbus/util/AsyncExecutor.java
org.greenrobot.eventbus.util.ThrowableFailureEvent	/tmp/projects/EventBus/EventBus/src/org/greenrobot/eventbus/util/ThrowableFailureEvent.java
org.greenrobot.eventbus.util.HasExecutionScope	/tmp/projects/EventBus/EventBus/src/org/greenrobot/eventbus/util/HasExecutionScope.java
org.greenrobot.eventbus.util.ErrorDialogManager	/tmp/projects/EventBus/EventBus/src/org/greenrobot/eventbus/util/ErrorDialogManager.java
org.greenrobot.eventbus.util.ErrorDialogManager$SupportManagerFragment	/tmp/projects/EventBus/EventBus/src/org/greenrobot/eventbus/util/ErrorDialogManager.java
org.greenrobot.eventbus.util.ErrorDialogManager$HoneycombManagerFragment	/tmp/projects/EventBus/EventBus/src/org/greenrobot/eventbus/util/ErrorDialogManager.java
org.greenrobot.eventbus.util.ErrorDialogFragmentFactory	/tmp/projects/EventBus/EventBus/src/org/greenrobot/eventbus/util/ErrorDialogFragmentFactory.java
org.greenrobot.eventbus.util.ErrorDialogFragmentFactory$Support	/tmp/projects/EventBus/EventBus/src/org/greenrobot/eventbus/util/ErrorDialogFragmentFactory.java
org.greenrobot.eventbus.util.ErrorDialogFragmentFactory$Honeycomb	/tmp/projects/EventBus/EventBus/src/org/greenrobot/eventbus/util/ErrorDialogFragmentFactory.java
org.greenrobot.eventbus.util.ErrorDialogConfig	/tmp/projects/EventBus/EventBus/src/org/greenrobot/eventbus/util/ErrorDialogConfig.java
org.greenrobot.eventbus.util.ExceptionToResourceMapping	/tmp/projects/EventBus/EventBus/src/org/greenrobot/eventbus/util/ExceptionToResourceMapping.java
org.greenrobot.eventbus.util.ErrorDialogFragments	/tmp/projects/EventBus/EventBus/src/org/greenrobot/eventbus/util/ErrorDialogFragments.java
org.greenrobot.eventbus.util.ErrorDialogFragments$Honeycomb	/tmp/projects/EventBus/EventBus/src/org/greenrobot/eventbus/util/ErrorDialogFragments.java
org.greenrobot.eventbus.util.ErrorDialogFragments$Support	/tmp/projects/EventBus/EventBus/src/org/greenrobot/eventbus/util/ErrorDialogFragments.java
