id	class	method	parent	size	flags	nullable	visibility	non-primitive-return	uri
1	org.greenrobot.eventbus.Poster	enqueue(org.greenrobot.eventbus.Subscription,java.lang.Object)	0	2	[false, false]	false	public	false	file:///private/tmp/projects/EventBus/EventBus/src/org/greenrobot/eventbus/Poster.java
2	org.greenrobot.eventbus.Subscription	Subscription(java.lang.Object,org.greenrobot.eventbus.SubscriberMethod)	0	2	[false, false]	false	package	false	file:///private/tmp/projects/EventBus/EventBus/src/org/greenrobot/eventbus/Subscription.java
3	org.greenrobot.eventbus.Subscription	equals(java.lang.Object)	4	1	[false]	false	public	false	file:///private/tmp/projects/EventBus/EventBus/src/org/greenrobot/eventbus/Subscription.java
5	org.greenrobot.eventbus.Subscription	hashCode()	6	0	[]	false	public	false	file:///private/tmp/projects/EventBus/EventBus/src/org/greenrobot/eventbus/Subscription.java
7	org.greenrobot.eventbus.SubscriberMethod	SubscriberMethod(java.lang.reflect.Method,java.lang.Class<?>,org.greenrobot.eventbus.ThreadMode,int,boolean)	0	5	[false, false, false, false, false]	false	public	false	file:///private/tmp/projects/EventBus/EventBus/src/org/greenrobot/eventbus/SubscriberMethod.java
8	org.greenrobot.eventbus.SubscriberMethod	equals(java.lang.Object)	4	1	[false]	false	public	false	file:///private/tmp/projects/EventBus/EventBus/src/org/greenrobot/eventbus/SubscriberMethod.java
9	org.greenrobot.eventbus.SubscriberMethod	checkMethodString()	0	0	[]	false	private	false	file:///private/tmp/projects/EventBus/EventBus/src/org/greenrobot/eventbus/SubscriberMethod.java
10	org.greenrobot.eventbus.SubscriberMethod	hashCode()	6	0	[]	false	public	false	file:///private/tmp/projects/EventBus/EventBus/src/org/greenrobot/eventbus/SubscriberMethod.java
11	org.greenrobot.eventbus.EventBus$1	initialValue()	12	0	[]	false	protected	true	file:///private/tmp/projects/EventBus/EventBus/src/org/greenrobot/eventbus/EventBus.java
13	org.greenrobot.eventbus.EventBus	getDefault()	0	0	[]	false	public	true	file:///private/tmp/projects/EventBus/EventBus/src/org/greenrobot/eventbus/EventBus.java
14	org.greenrobot.eventbus.EventBus	builder()	0	0	[]	false	public	true	file:///private/tmp/projects/EventBus/EventBus/src/org/greenrobot/eventbus/EventBus.java
15	org.greenrobot.eventbus.EventBus	clearCaches()	0	0	[]	false	public	false	file:///private/tmp/projects/EventBus/EventBus/src/org/greenrobot/eventbus/EventBus.java
16	org.greenrobot.eventbus.EventBus	EventBus()	0	0	[]	false	public	false	file:///private/tmp/projects/EventBus/EventBus/src/org/greenrobot/eventbus/EventBus.java
17	org.greenrobot.eventbus.EventBus	EventBus(org.greenrobot.eventbus.EventBusBuilder)	0	1	[false]	false	package	false	file:///private/tmp/projects/EventBus/EventBus/src/org/greenrobot/eventbus/EventBus.java
18	org.greenrobot.eventbus.EventBus	register(java.lang.Object)	0	1	[false]	false	public	false	file:///private/tmp/projects/EventBus/EventBus/src/org/greenrobot/eventbus/EventBus.java
19	org.greenrobot.eventbus.EventBus	subscribe(java.lang.Object,org.greenrobot.eventbus.SubscriberMethod)	0	2	[false, false]	false	private	false	file:///private/tmp/projects/EventBus/EventBus/src/org/greenrobot/eventbus/EventBus.java
20	org.greenrobot.eventbus.EventBus	checkPostStickyEventToSubscription(org.greenrobot.eventbus.Subscription,java.lang.Object)	0	2	[false, true]	false	private	false	file:///private/tmp/projects/EventBus/EventBus/src/org/greenrobot/eventbus/EventBus.java
21	org.greenrobot.eventbus.EventBus	isMainThread()	0	0	[]	false	private	false	file:///private/tmp/projects/EventBus/EventBus/src/org/greenrobot/eventbus/EventBus.java
22	org.greenrobot.eventbus.EventBus	isRegistered(java.lang.Object)	0	1	[false]	false	public	false	file:///private/tmp/projects/EventBus/EventBus/src/org/greenrobot/eventbus/EventBus.java
23	org.greenrobot.eventbus.EventBus	unsubscribeByEventType(java.lang.Object,java.lang.Class<?>)	0	2	[false, false]	false	private	false	file:///private/tmp/projects/EventBus/EventBus/src/org/greenrobot/eventbus/EventBus.java
24	org.greenrobot.eventbus.EventBus	unregister(java.lang.Object)	0	1	[false]	false	public	false	file:///private/tmp/projects/EventBus/EventBus/src/org/greenrobot/eventbus/EventBus.java
25	org.greenrobot.eventbus.EventBus	post(java.lang.Object)	0	1	[false]	false	public	false	file:///private/tmp/projects/EventBus/EventBus/src/org/greenrobot/eventbus/EventBus.java
26	org.greenrobot.eventbus.EventBus	cancelEventDelivery(java.lang.Object)	0	1	[false]	false	public	false	file:///private/tmp/projects/EventBus/EventBus/src/org/greenrobot/eventbus/EventBus.java
27	org.greenrobot.eventbus.EventBus	postSticky(java.lang.Object)	0	1	[false]	false	public	false	file:///private/tmp/projects/EventBus/EventBus/src/org/greenrobot/eventbus/EventBus.java
28	org.greenrobot.eventbus.EventBus	<T>getStickyEvent(java.lang.Class<T>)	0	1	[false]	false	public	true	file:///private/tmp/projects/EventBus/EventBus/src/org/greenrobot/eventbus/EventBus.java
29	org.greenrobot.eventbus.EventBus	<T>removeStickyEvent(java.lang.Class<T>)	0	1	[false]	false	public	true	file:///private/tmp/projects/EventBus/EventBus/src/org/greenrobot/eventbus/EventBus.java
30	org.greenrobot.eventbus.EventBus	removeStickyEvent(java.lang.Object)	0	1	[false]	false	public	false	file:///private/tmp/projects/EventBus/EventBus/src/org/greenrobot/eventbus/EventBus.java
31	org.greenrobot.eventbus.EventBus	removeAllStickyEvents()	0	0	[]	false	public	false	file:///private/tmp/projects/EventBus/EventBus/src/org/greenrobot/eventbus/EventBus.java
32	org.greenrobot.eventbus.EventBus	hasSubscriberForEvent(java.lang.Class<?>)	0	1	[false]	false	public	false	file:///private/tmp/projects/EventBus/EventBus/src/org/greenrobot/eventbus/EventBus.java
33	org.greenrobot.eventbus.EventBus	postSingleEvent(java.lang.Object,org.greenrobot.eventbus.EventBus.PostingThreadState)	0	2	[false, false]	false	private	false	file:///private/tmp/projects/EventBus/EventBus/src/org/greenrobot/eventbus/EventBus.java
34	org.greenrobot.eventbus.EventBus	postSingleEventForEventType(java.lang.Object,org.greenrobot.eventbus.EventBus.PostingThreadState,java.lang.Class<?>)	0	3	[false, false, false]	false	private	false	file:///private/tmp/projects/EventBus/EventBus/src/org/greenrobot/eventbus/EventBus.java
35	org.greenrobot.eventbus.EventBus	postToSubscription(org.greenrobot.eventbus.Subscription,java.lang.Object,boolean)	0	3	[false, false, false]	false	private	false	file:///private/tmp/projects/EventBus/EventBus/src/org/greenrobot/eventbus/EventBus.java
36	org.greenrobot.eventbus.EventBus	lookupAllEventTypes(java.lang.Class<?>)	0	1	[false]	false	private	true	file:///private/tmp/projects/EventBus/EventBus/src/org/greenrobot/eventbus/EventBus.java
37	org.greenrobot.eventbus.EventBus	addInterfaces(java.util.List<java.lang.Class<?>>,java.lang.Class<?>[])	0	2	[false, false]	false	package	false	file:///private/tmp/projects/EventBus/EventBus/src/org/greenrobot/eventbus/EventBus.java
38	org.greenrobot.eventbus.EventBus	invokeSubscriber(org.greenrobot.eventbus.PendingPost)	0	1	[false]	false	package	false	file:///private/tmp/projects/EventBus/EventBus/src/org/greenrobot/eventbus/EventBus.java
39	org.greenrobot.eventbus.EventBus	invokeSubscriber(org.greenrobot.eventbus.Subscription,java.lang.Object)	0	2	[false, true]	false	package	false	file:///private/tmp/projects/EventBus/EventBus/src/org/greenrobot/eventbus/EventBus.java
40	org.greenrobot.eventbus.EventBus	handleSubscriberException(org.greenrobot.eventbus.Subscription,java.lang.Object,java.lang.Throwable)	0	3	[false, true, false]	false	private	false	file:///private/tmp/projects/EventBus/EventBus/src/org/greenrobot/eventbus/EventBus.java
41	org.greenrobot.eventbus.EventBus	getExecutorService()	0	0	[]	false	package	true	file:///private/tmp/projects/EventBus/EventBus/src/org/greenrobot/eventbus/EventBus.java
42	org.greenrobot.eventbus.EventBus	getLogger()	0	0	[]	false	public	true	file:///private/tmp/projects/EventBus/EventBus/src/org/greenrobot/eventbus/EventBus.java
43	org.greenrobot.eventbus.EventBus$PostCallback	onPostCompleted(java.util.List<org.greenrobot.eventbus.SubscriberExceptionEvent>)	0	1	[false]	false	public	false	file:///private/tmp/projects/EventBus/EventBus/src/org/greenrobot/eventbus/EventBus.java
44	org.greenrobot.eventbus.EventBus	toString()	45	0	[]	false	public	true	file:///private/tmp/projects/EventBus/EventBus/src/org/greenrobot/eventbus/EventBus.java
46	org.greenrobot.eventbus.EventBusBuilder	EventBusBuilder()	0	0	[]	false	package	false	file:///private/tmp/projects/EventBus/EventBus/src/org/greenrobot/eventbus/EventBusBuilder.java
47	org.greenrobot.eventbus.EventBusBuilder	logSubscriberExceptions(boolean)	0	1	[false]	false	public	true	file:///private/tmp/projects/EventBus/EventBus/src/org/greenrobot/eventbus/EventBusBuilder.java
48	org.greenrobot.eventbus.EventBusBuilder	logNoSubscriberMessages(boolean)	0	1	[false]	false	public	true	file:///private/tmp/projects/EventBus/EventBus/src/org/greenrobot/eventbus/EventBusBuilder.java
49	org.greenrobot.eventbus.EventBusBuilder	sendSubscriberExceptionEvent(boolean)	0	1	[false]	false	public	true	file:///private/tmp/projects/EventBus/EventBus/src/org/greenrobot/eventbus/EventBusBuilder.java
50	org.greenrobot.eventbus.EventBusBuilder	sendNoSubscriberEvent(boolean)	0	1	[false]	false	public	true	file:///private/tmp/projects/EventBus/EventBus/src/org/greenrobot/eventbus/EventBusBuilder.java
51	org.greenrobot.eventbus.EventBusBuilder	throwSubscriberException(boolean)	0	1	[false]	false	public	true	file:///private/tmp/projects/EventBus/EventBus/src/org/greenrobot/eventbus/EventBusBuilder.java
52	org.greenrobot.eventbus.EventBusBuilder	eventInheritance(boolean)	0	1	[false]	false	public	true	file:///private/tmp/projects/EventBus/EventBus/src/org/greenrobot/eventbus/EventBusBuilder.java
53	org.greenrobot.eventbus.EventBusBuilder	executorService(java.util.concurrent.ExecutorService)	0	1	[false]	false	public	true	file:///private/tmp/projects/EventBus/EventBus/src/org/greenrobot/eventbus/EventBusBuilder.java
54	org.greenrobot.eventbus.EventBusBuilder	skipMethodVerificationFor(java.lang.Class<?>)	0	1	[false]	false	public	true	file:///private/tmp/projects/EventBus/EventBus/src/org/greenrobot/eventbus/EventBusBuilder.java
55	org.greenrobot.eventbus.EventBusBuilder	ignoreGeneratedIndex(boolean)	0	1	[false]	false	public	true	file:///private/tmp/projects/EventBus/EventBus/src/org/greenrobot/eventbus/EventBusBuilder.java
56	org.greenrobot.eventbus.EventBusBuilder	strictMethodVerification(boolean)	0	1	[false]	false	public	true	file:///private/tmp/projects/EventBus/EventBus/src/org/greenrobot/eventbus/EventBusBuilder.java
57	org.greenrobot.eventbus.EventBusBuilder	addIndex(org.greenrobot.eventbus.meta.SubscriberInfoIndex)	0	1	[false]	false	public	true	file:///private/tmp/projects/EventBus/EventBus/src/org/greenrobot/eventbus/EventBusBuilder.java
58	org.greenrobot.eventbus.EventBusBuilder	logger(org.greenrobot.eventbus.Logger)	0	1	[false]	false	public	true	file:///private/tmp/projects/EventBus/EventBus/src/org/greenrobot/eventbus/EventBusBuilder.java
59	org.greenrobot.eventbus.EventBusBuilder	getLogger()	0	0	[]	false	package	true	file:///private/tmp/projects/EventBus/EventBus/src/org/greenrobot/eventbus/EventBusBuilder.java
60	org.greenrobot.eventbus.EventBusBuilder	getMainThreadSupport()	0	0	[]	true	package	true	file:///private/tmp/projects/EventBus/EventBus/src/org/greenrobot/eventbus/EventBusBuilder.java
61	org.greenrobot.eventbus.EventBusBuilder	getAndroidMainLooperOrNull()	0	0	[]	true	package	true	file:///private/tmp/projects/EventBus/EventBus/src/org/greenrobot/eventbus/EventBusBuilder.java
62	org.greenrobot.eventbus.EventBusBuilder	installDefaultEventBus()	0	0	[]	false	public	true	file:///private/tmp/projects/EventBus/EventBus/src/org/greenrobot/eventbus/EventBusBuilder.java
63	org.greenrobot.eventbus.EventBusBuilder	build()	0	0	[]	false	public	true	file:///private/tmp/projects/EventBus/EventBus/src/org/greenrobot/eventbus/EventBusBuilder.java
64	org.greenrobot.eventbus.MainThreadSupport	isMainThread()	0	0	[]	false	public	false	file:///private/tmp/projects/EventBus/EventBus/src/org/greenrobot/eventbus/MainThreadSupport.java
65	org.greenrobot.eventbus.MainThreadSupport	createPoster(org.greenrobot.eventbus.EventBus)	0	1	[false]	false	public	true	file:///private/tmp/projects/EventBus/EventBus/src/org/greenrobot/eventbus/MainThreadSupport.java
66	org.greenrobot.eventbus.MainThreadSupport$AndroidHandlerMainThreadSupport	AndroidHandlerMainThreadSupport(android.os.Looper)	0	1	[false]	false	public	false	file:///private/tmp/projects/EventBus/EventBus/src/org/greenrobot/eventbus/MainThreadSupport.java
67	org.greenrobot.eventbus.MainThreadSupport$AndroidHandlerMainThreadSupport	isMainThread()	64	0	[]	false	public	false	file:///private/tmp/projects/EventBus/EventBus/src/org/greenrobot/eventbus/MainThreadSupport.java
68	org.greenrobot.eventbus.MainThreadSupport$AndroidHandlerMainThreadSupport	createPoster(org.greenrobot.eventbus.EventBus)	65	1	[false]	false	public	true	file:///private/tmp/projects/EventBus/EventBus/src/org/greenrobot/eventbus/MainThreadSupport.java
69	org.greenrobot.eventbus.BackgroundPoster	BackgroundPoster(org.greenrobot.eventbus.EventBus)	0	1	[false]	false	package	false	file:///private/tmp/projects/EventBus/EventBus/src/org/greenrobot/eventbus/BackgroundPoster.java
70	org.greenrobot.eventbus.BackgroundPoster	enqueue(org.greenrobot.eventbus.Subscription,java.lang.Object)	1	2	[false, false]	false	public	false	file:///private/tmp/projects/EventBus/EventBus/src/org/greenrobot/eventbus/BackgroundPoster.java
71	org.greenrobot.eventbus.BackgroundPoster	run()	72	0	[]	false	public	false	file:///private/tmp/projects/EventBus/EventBus/src/org/greenrobot/eventbus/BackgroundPoster.java
73	org.greenrobot.eventbus.AsyncPoster	AsyncPoster(org.greenrobot.eventbus.EventBus)	0	1	[false]	false	package	false	file:///private/tmp/projects/EventBus/EventBus/src/org/greenrobot/eventbus/AsyncPoster.java
74	org.greenrobot.eventbus.AsyncPoster	enqueue(org.greenrobot.eventbus.Subscription,java.lang.Object)	1	2	[false, false]	false	public	false	file:///private/tmp/projects/EventBus/EventBus/src/org/greenrobot/eventbus/AsyncPoster.java
75	org.greenrobot.eventbus.AsyncPoster	run()	72	0	[]	false	public	false	file:///private/tmp/projects/EventBus/EventBus/src/org/greenrobot/eventbus/AsyncPoster.java
76	org.greenrobot.eventbus.SubscriberMethodFinder	SubscriberMethodFinder(java.util.List<org.greenrobot.eventbus.meta.SubscriberInfoIndex>,boolean,boolean)	0	3	[true, false, false]	false	package	false	file:///private/tmp/projects/EventBus/EventBus/src/org/greenrobot/eventbus/SubscriberMethodFinder.java
77	org.greenrobot.eventbus.SubscriberMethodFinder	findSubscriberMethods(java.lang.Class<?>)	0	1	[false]	false	package	true	file:///private/tmp/projects/EventBus/EventBus/src/org/greenrobot/eventbus/SubscriberMethodFinder.java
78	org.greenrobot.eventbus.SubscriberMethodFinder	findUsingInfo(java.lang.Class<?>)	0	1	[false]	false	private	true	file:///private/tmp/projects/EventBus/EventBus/src/org/greenrobot/eventbus/SubscriberMethodFinder.java
79	org.greenrobot.eventbus.SubscriberMethodFinder	getMethodsAndRelease(org.greenrobot.eventbus.SubscriberMethodFinder.FindState)	0	1	[false]	false	private	true	file:///private/tmp/projects/EventBus/EventBus/src/org/greenrobot/eventbus/SubscriberMethodFinder.java
80	org.greenrobot.eventbus.SubscriberMethodFinder	prepareFindState()	0	0	[]	false	private	true	file:///private/tmp/projects/EventBus/EventBus/src/org/greenrobot/eventbus/SubscriberMethodFinder.java
81	org.greenrobot.eventbus.SubscriberMethodFinder	getSubscriberInfo(org.greenrobot.eventbus.SubscriberMethodFinder.FindState)	0	1	[false]	true	private	true	file:///private/tmp/projects/EventBus/EventBus/src/org/greenrobot/eventbus/SubscriberMethodFinder.java
82	org.greenrobot.eventbus.SubscriberMethodFinder	findUsingReflection(java.lang.Class<?>)	0	1	[false]	false	private	true	file:///private/tmp/projects/EventBus/EventBus/src/org/greenrobot/eventbus/SubscriberMethodFinder.java
83	org.greenrobot.eventbus.SubscriberMethodFinder	findUsingReflectionInSingleClass(org.greenrobot.eventbus.SubscriberMethodFinder.FindState)	0	1	[false]	false	private	false	file:///private/tmp/projects/EventBus/EventBus/src/org/greenrobot/eventbus/SubscriberMethodFinder.java
84	org.greenrobot.eventbus.SubscriberMethodFinder	clearCaches()	0	0	[]	false	package	false	file:///private/tmp/projects/EventBus/EventBus/src/org/greenrobot/eventbus/SubscriberMethodFinder.java
85	org.greenrobot.eventbus.SubscriberMethodFinder$FindState	initForSubscriber(java.lang.Class<?>)	0	1	[false]	false	package	false	file:///private/tmp/projects/EventBus/EventBus/src/org/greenrobot/eventbus/SubscriberMethodFinder.java
86	org.greenrobot.eventbus.SubscriberMethodFinder$FindState	recycle()	0	0	[]	false	package	false	file:///private/tmp/projects/EventBus/EventBus/src/org/greenrobot/eventbus/SubscriberMethodFinder.java
87	org.greenrobot.eventbus.SubscriberMethodFinder$FindState	checkAdd(java.lang.reflect.Method,java.lang.Class<?>)	0	2	[false, false]	false	package	false	file:///private/tmp/projects/EventBus/EventBus/src/org/greenrobot/eventbus/SubscriberMethodFinder.java
88	org.greenrobot.eventbus.SubscriberMethodFinder$FindState	checkAddWithMethodSignature(java.lang.reflect.Method,java.lang.Class<?>)	0	2	[false, false]	false	private	false	file:///private/tmp/projects/EventBus/EventBus/src/org/greenrobot/eventbus/SubscriberMethodFinder.java
89	org.greenrobot.eventbus.SubscriberMethodFinder$FindState	moveToSuperclass()	0	0	[]	false	package	false	file:///private/tmp/projects/EventBus/EventBus/src/org/greenrobot/eventbus/SubscriberMethodFinder.java
90	org.greenrobot.eventbus.Logger	log(java.util.logging.Level,java.lang.String)	0	2	[false, false]	false	public	false	file:///private/tmp/projects/EventBus/EventBus/src/org/greenrobot/eventbus/Logger.java
91	org.greenrobot.eventbus.Logger	log(java.util.logging.Level,java.lang.String,java.lang.Throwable)	0	3	[false, false, false]	false	public	false	file:///private/tmp/projects/EventBus/EventBus/src/org/greenrobot/eventbus/Logger.java
92	org.greenrobot.eventbus.Logger$JavaLogger	JavaLogger(java.lang.String)	0	1	[false]	false	public	false	file:///private/tmp/projects/EventBus/EventBus/src/org/greenrobot/eventbus/Logger.java
93	org.greenrobot.eventbus.Logger$JavaLogger	log(java.util.logging.Level,java.lang.String)	90	2	[false, false]	false	public	false	file:///private/tmp/projects/EventBus/EventBus/src/org/greenrobot/eventbus/Logger.java
94	org.greenrobot.eventbus.Logger$JavaLogger	log(java.util.logging.Level,java.lang.String,java.lang.Throwable)	91	3	[false, false, false]	false	public	false	file:///private/tmp/projects/EventBus/EventBus/src/org/greenrobot/eventbus/Logger.java
95	org.greenrobot.eventbus.Logger$SystemOutLogger	log(java.util.logging.Level,java.lang.String)	90	2	[false, false]	false	public	false	file:///private/tmp/projects/EventBus/EventBus/src/org/greenrobot/eventbus/Logger.java
96	org.greenrobot.eventbus.Logger$SystemOutLogger	log(java.util.logging.Level,java.lang.String,java.lang.Throwable)	91	3	[false, false, false]	false	public	false	file:///private/tmp/projects/EventBus/EventBus/src/org/greenrobot/eventbus/Logger.java
97	org.greenrobot.eventbus.Logger$Default	get()	0	0	[]	false	public	true	file:///private/tmp/projects/EventBus/EventBus/src/org/greenrobot/eventbus/Logger.java
98	org.greenrobot.eventbus.Logger$Default	getAndroidMainLooperOrNull()	0	0	[]	true	package	true	file:///private/tmp/projects/EventBus/EventBus/src/org/greenrobot/eventbus/Logger.java
99	org.greenrobot.eventbus.PendingPost	PendingPost(java.lang.Object,org.greenrobot.eventbus.Subscription)	0	2	[false, false]	false	private	false	file:///private/tmp/projects/EventBus/EventBus/src/org/greenrobot/eventbus/PendingPost.java
100	org.greenrobot.eventbus.PendingPost	obtainPendingPost(org.greenrobot.eventbus.Subscription,java.lang.Object)	0	2	[false, false]	false	package	true	file:///private/tmp/projects/EventBus/EventBus/src/org/greenrobot/eventbus/PendingPost.java
101	org.greenrobot.eventbus.PendingPost	releasePendingPost(org.greenrobot.eventbus.PendingPost)	0	1	[false]	false	package	false	file:///private/tmp/projects/EventBus/EventBus/src/org/greenrobot/eventbus/PendingPost.java
102	org.greenrobot.eventbus.meta.SubscriberInfoIndex	getSubscriberInfo(java.lang.Class<?>)	0	1	[false]	false	public	true	file:///private/tmp/projects/EventBus/EventBus/src/org/greenrobot/eventbus/meta/SubscriberInfoIndex.java
103	org.greenrobot.eventbus.meta.SubscriberInfo	getSubscriberClass()	0	0	[]	false	public	true	file:///private/tmp/projects/EventBus/EventBus/src/org/greenrobot/eventbus/meta/SubscriberInfo.java
104	org.greenrobot.eventbus.meta.SubscriberInfo	getSubscriberMethods()	0	0	[]	false	public	true	file:///private/tmp/projects/EventBus/EventBus/src/org/greenrobot/eventbus/meta/SubscriberInfo.java
105	org.greenrobot.eventbus.meta.SubscriberInfo	getSuperSubscriberInfo()	0	0	[]	true	public	true	file:///private/tmp/projects/EventBus/EventBus/src/org/greenrobot/eventbus/meta/SubscriberInfo.java
106	org.greenrobot.eventbus.meta.SubscriberInfo	shouldCheckSuperclass()	0	0	[]	false	public	false	file:///private/tmp/projects/EventBus/EventBus/src/org/greenrobot/eventbus/meta/SubscriberInfo.java
107	org.greenrobot.eventbus.PendingPostQueue	enqueue(org.greenrobot.eventbus.PendingPost)	0	1	[false]	false	package	false	file:///private/tmp/projects/EventBus/EventBus/src/org/greenrobot/eventbus/PendingPostQueue.java
108	org.greenrobot.eventbus.PendingPostQueue	poll()	0	0	[]	true	package	true	file:///private/tmp/projects/EventBus/EventBus/src/org/greenrobot/eventbus/PendingPostQueue.java
109	org.greenrobot.eventbus.PendingPostQueue	poll(int)	0	1	[false]	true	package	true	file:///private/tmp/projects/EventBus/EventBus/src/org/greenrobot/eventbus/PendingPostQueue.java
110	org.greenrobot.eventbus.SubscriberExceptionEvent	SubscriberExceptionEvent(org.greenrobot.eventbus.EventBus,java.lang.Throwable,java.lang.Object,java.lang.Object)	0	4	[false, false, true, false]	false	public	false	file:///private/tmp/projects/EventBus/EventBus/src/org/greenrobot/eventbus/SubscriberExceptionEvent.java
111	org.greenrobot.eventbus.util.ErrorDialogFragmentFactory	ErrorDialogFragmentFactory(org.greenrobot.eventbus.util.ErrorDialogConfig)	0	1	[false]	false	protected	false	file:///private/tmp/projects/EventBus/EventBus/src/org/greenrobot/eventbus/util/ErrorDialogFragmentFactory.java
112	org.greenrobot.eventbus.util.ErrorDialogFragmentFactory	prepareErrorFragment(org.greenrobot.eventbus.util.ThrowableFailureEvent,boolean,android.os.Bundle)	0	3	[false, false, true]	true	protected	true	file:///private/tmp/projects/EventBus/EventBus/src/org/greenrobot/eventbus/util/ErrorDialogFragmentFactory.java
113	org.greenrobot.eventbus.util.ErrorDialogFragmentFactory	createErrorFragment(org.greenrobot.eventbus.util.ThrowableFailureEvent,android.os.Bundle)	0	2	[false, false]	false	protected	true	file:///private/tmp/projects/EventBus/EventBus/src/org/greenrobot/eventbus/util/ErrorDialogFragmentFactory.java
114	org.greenrobot.eventbus.util.ErrorDialogFragmentFactory	getTitleFor(org.greenrobot.eventbus.util.ThrowableFailureEvent,android.os.Bundle)	0	2	[false, false]	false	protected	true	file:///private/tmp/projects/EventBus/EventBus/src/org/greenrobot/eventbus/util/ErrorDialogFragmentFactory.java
115	org.greenrobot.eventbus.util.ErrorDialogFragmentFactory	getMessageFor(org.greenrobot.eventbus.util.ThrowableFailureEvent,android.os.Bundle)	0	2	[false, false]	false	protected	true	file:///private/tmp/projects/EventBus/EventBus/src/org/greenrobot/eventbus/util/ErrorDialogFragmentFactory.java
116	org.greenrobot.eventbus.util.ErrorDialogFragmentFactory$Support	Support(org.greenrobot.eventbus.util.ErrorDialogConfig)	0	1	[false]	false	public	false	file:///private/tmp/projects/EventBus/EventBus/src/org/greenrobot/eventbus/util/ErrorDialogFragmentFactory.java
117	org.greenrobot.eventbus.util.ErrorDialogFragmentFactory$Support	createErrorFragment(org.greenrobot.eventbus.util.ThrowableFailureEvent,android.os.Bundle)	113	2	[false, false]	false	protected	true	file:///private/tmp/projects/EventBus/EventBus/src/org/greenrobot/eventbus/util/ErrorDialogFragmentFactory.java
118	org.greenrobot.eventbus.util.ErrorDialogFragmentFactory$Honeycomb	Honeycomb(org.greenrobot.eventbus.util.ErrorDialogConfig)	0	1	[false]	false	public	false	file:///private/tmp/projects/EventBus/EventBus/src/org/greenrobot/eventbus/util/ErrorDialogFragmentFactory.java
119	org.greenrobot.eventbus.util.ErrorDialogFragmentFactory$Honeycomb	createErrorFragment(org.greenrobot.eventbus.util.ThrowableFailureEvent,android.os.Bundle)	113	2	[false, false]	false	protected	true	file:///private/tmp/projects/EventBus/EventBus/src/org/greenrobot/eventbus/util/ErrorDialogFragmentFactory.java
120	org.greenrobot.eventbus.util.ErrorDialogConfig	ErrorDialogConfig(android.content.res.Resources,int,int)	0	3	[false, false, false]	false	public	false	file:///private/tmp/projects/EventBus/EventBus/src/org/greenrobot/eventbus/util/ErrorDialogConfig.java
121	org.greenrobot.eventbus.util.ErrorDialogConfig	addMapping(java.lang.Class<? extends java.lang.Throwable>,int)	0	2	[false, false]	false	public	true	file:///private/tmp/projects/EventBus/EventBus/src/org/greenrobot/eventbus/util/ErrorDialogConfig.java
122	org.greenrobot.eventbus.util.ErrorDialogConfig	getMessageIdForThrowable(java.lang.Throwable)	0	1	[false]	false	public	false	file:///private/tmp/projects/EventBus/EventBus/src/org/greenrobot/eventbus/util/ErrorDialogConfig.java
123	org.greenrobot.eventbus.util.ErrorDialogConfig	setDefaultDialogIconId(int)	0	1	[false]	false	public	false	file:///private/tmp/projects/EventBus/EventBus/src/org/greenrobot/eventbus/util/ErrorDialogConfig.java
124	org.greenrobot.eventbus.util.ErrorDialogConfig	setDefaultEventTypeOnDialogClosed(java.lang.Class<?>)	0	1	[false]	false	public	false	file:///private/tmp/projects/EventBus/EventBus/src/org/greenrobot/eventbus/util/ErrorDialogConfig.java
125	org.greenrobot.eventbus.util.ErrorDialogConfig	disableExceptionLogging()	0	0	[]	false	public	false	file:///private/tmp/projects/EventBus/EventBus/src/org/greenrobot/eventbus/util/ErrorDialogConfig.java
126	org.greenrobot.eventbus.util.ErrorDialogConfig	setTagForLoggingExceptions(java.lang.String)	0	1	[false]	false	public	false	file:///private/tmp/projects/EventBus/EventBus/src/org/greenrobot/eventbus/util/ErrorDialogConfig.java
127	org.greenrobot.eventbus.util.ErrorDialogConfig	setEventBus(org.greenrobot.eventbus.EventBus)	0	1	[false]	false	public	false	file:///private/tmp/projects/EventBus/EventBus/src/org/greenrobot/eventbus/util/ErrorDialogConfig.java
128	org.greenrobot.eventbus.util.ErrorDialogConfig	getEventBus()	0	0	[]	false	package	true	file:///private/tmp/projects/EventBus/EventBus/src/org/greenrobot/eventbus/util/ErrorDialogConfig.java
129	org.greenrobot.eventbus.util.ThrowableFailureEvent	ThrowableFailureEvent(java.lang.Throwable)	0	1	[false]	false	public	false	file:///private/tmp/projects/EventBus/EventBus/src/org/greenrobot/eventbus/util/ThrowableFailureEvent.java
130	org.greenrobot.eventbus.util.ThrowableFailureEvent	ThrowableFailureEvent(java.lang.Throwable,boolean)	0	2	[false, false]	false	public	false	file:///private/tmp/projects/EventBus/EventBus/src/org/greenrobot/eventbus/util/ThrowableFailureEvent.java
131	org.greenrobot.eventbus.util.ThrowableFailureEvent	getThrowable()	0	0	[]	false	public	true	file:///private/tmp/projects/EventBus/EventBus/src/org/greenrobot/eventbus/util/ThrowableFailureEvent.java
132	org.greenrobot.eventbus.util.ThrowableFailureEvent	isSuppressErrorUi()	0	0	[]	false	public	false	file:///private/tmp/projects/EventBus/EventBus/src/org/greenrobot/eventbus/util/ThrowableFailureEvent.java
133	org.greenrobot.eventbus.util.ThrowableFailureEvent	getExecutionScope()	134	0	[]	true	public	true	file:///private/tmp/projects/EventBus/EventBus/src/org/greenrobot/eventbus/util/ThrowableFailureEvent.java
135	org.greenrobot.eventbus.util.ThrowableFailureEvent	setExecutionScope(java.lang.Object)	136	1	[true]	false	public	false	file:///private/tmp/projects/EventBus/EventBus/src/org/greenrobot/eventbus/util/ThrowableFailureEvent.java
134	org.greenrobot.eventbus.util.HasExecutionScope	getExecutionScope()	0	0	[]	true	public	true	file:///private/tmp/projects/EventBus/EventBus/src/org/greenrobot/eventbus/util/HasExecutionScope.java
136	org.greenrobot.eventbus.util.HasExecutionScope	setExecutionScope(java.lang.Object)	0	1	[true]	false	public	false	file:///private/tmp/projects/EventBus/EventBus/src/org/greenrobot/eventbus/util/HasExecutionScope.java
137	org.greenrobot.eventbus.util.ExceptionToResourceMapping	ExceptionToResourceMapping()	0	0	[]	false	public	false	file:///private/tmp/projects/EventBus/EventBus/src/org/greenrobot/eventbus/util/ExceptionToResourceMapping.java
138	org.greenrobot.eventbus.util.ExceptionToResourceMapping	mapThrowable(java.lang.Throwable)	0	1	[false]	true	public	true	file:///private/tmp/projects/EventBus/EventBus/src/org/greenrobot/eventbus/util/ExceptionToResourceMapping.java
139	org.greenrobot.eventbus.util.ExceptionToResourceMapping	mapThrowableFlat(java.lang.Throwable)	0	1	[false]	true	protected	true	file:///private/tmp/projects/EventBus/EventBus/src/org/greenrobot/eventbus/util/ExceptionToResourceMapping.java
140	org.greenrobot.eventbus.util.ExceptionToResourceMapping	addMapping(java.lang.Class<? extends java.lang.Throwable>,int)	0	2	[false, false]	false	public	true	file:///private/tmp/projects/EventBus/EventBus/src/org/greenrobot/eventbus/util/ExceptionToResourceMapping.java
141	org.greenrobot.eventbus.util.AsyncExecutor$Builder	Builder()	0	0	[]	false	private	false	file:///private/tmp/projects/EventBus/EventBus/src/org/greenrobot/eventbus/util/AsyncExecutor.java
142	org.greenrobot.eventbus.util.AsyncExecutor$Builder	threadPool(java.util.concurrent.Executor)	0	1	[false]	false	public	true	file:///private/tmp/projects/EventBus/EventBus/src/org/greenrobot/eventbus/util/AsyncExecutor.java
143	org.greenrobot.eventbus.util.AsyncExecutor$Builder	failureEventType(java.lang.Class<?>)	0	1	[false]	false	public	true	file:///private/tmp/projects/EventBus/EventBus/src/org/greenrobot/eventbus/util/AsyncExecutor.java
144	org.greenrobot.eventbus.util.AsyncExecutor$Builder	eventBus(org.greenrobot.eventbus.EventBus)	0	1	[false]	false	public	true	file:///private/tmp/projects/EventBus/EventBus/src/org/greenrobot/eventbus/util/AsyncExecutor.java
145	org.greenrobot.eventbus.util.AsyncExecutor$Builder	build()	0	0	[]	false	public	true	file:///private/tmp/projects/EventBus/EventBus/src/org/greenrobot/eventbus/util/AsyncExecutor.java
146	org.greenrobot.eventbus.util.AsyncExecutor$Builder	buildForScope(java.lang.Object)	0	1	[true]	false	public	true	file:///private/tmp/projects/EventBus/EventBus/src/org/greenrobot/eventbus/util/AsyncExecutor.java
147	org.greenrobot.eventbus.util.AsyncExecutor$RunnableEx	run()	0	0	[]	false	public	false	file:///private/tmp/projects/EventBus/EventBus/src/org/greenrobot/eventbus/util/AsyncExecutor.java
148	org.greenrobot.eventbus.util.AsyncExecutor	builder()	0	0	[]	false	public	true	file:///private/tmp/projects/EventBus/EventBus/src/org/greenrobot/eventbus/util/AsyncExecutor.java
149	org.greenrobot.eventbus.util.AsyncExecutor	create()	0	0	[]	false	public	true	file:///private/tmp/projects/EventBus/EventBus/src/org/greenrobot/eventbus/util/AsyncExecutor.java
150	org.greenrobot.eventbus.util.AsyncExecutor	AsyncExecutor(java.util.concurrent.Executor,org.greenrobot.eventbus.EventBus,java.lang.Class<?>,java.lang.Object)	0	4	[false, false, false, true]	false	private	false	file:///private/tmp/projects/EventBus/EventBus/src/org/greenrobot/eventbus/util/AsyncExecutor.java
151	org.greenrobot.eventbus.util.AsyncExecutor	execute(org.greenrobot.eventbus.util.AsyncExecutor.RunnableEx)	0	1	[false]	false	public	false	file:///private/tmp/projects/EventBus/EventBus/src/org/greenrobot/eventbus/util/AsyncExecutor.java
152	org.greenrobot.eventbus.util.AsyncExecutor$1	run()	72	0	[]	false	public	false	file:///private/tmp/projects/EventBus/EventBus/src/org/greenrobot/eventbus/util/AsyncExecutor.java
153	org.greenrobot.eventbus.util.ErrorDialogManager$SupportManagerFragment	onCreate(android.os.Bundle)	154	1	[false]	false	public	false	file:///private/tmp/projects/EventBus/EventBus/src/org/greenrobot/eventbus/util/ErrorDialogManager.java
155	org.greenrobot.eventbus.util.ErrorDialogManager$SupportManagerFragment	onResume()	156	0	[]	false	public	false	file:///private/tmp/projects/EventBus/EventBus/src/org/greenrobot/eventbus/util/ErrorDialogManager.java
157	org.greenrobot.eventbus.util.ErrorDialogManager$SupportManagerFragment	onPause()	158	0	[]	false	public	false	file:///private/tmp/projects/EventBus/EventBus/src/org/greenrobot/eventbus/util/ErrorDialogManager.java
159	org.greenrobot.eventbus.util.ErrorDialogManager$SupportManagerFragment	onEventMainThread(org.greenrobot.eventbus.util.ThrowableFailureEvent)	0	1	[false]	false	public	false	file:///private/tmp/projects/EventBus/EventBus/src/org/greenrobot/eventbus/util/ErrorDialogManager.java
160	org.greenrobot.eventbus.util.ErrorDialogManager$SupportManagerFragment	attachTo(android.app.Activity,java.lang.Object,boolean,android.os.Bundle)	0	4	[false, false, false, true]	false	public	false	file:///private/tmp/projects/EventBus/EventBus/src/org/greenrobot/eventbus/util/ErrorDialogManager.java
161	org.greenrobot.eventbus.util.ErrorDialogManager$HoneycombManagerFragment	onResume()	162	0	[]	false	public	false	file:///private/tmp/projects/EventBus/EventBus/src/org/greenrobot/eventbus/util/ErrorDialogManager.java
163	org.greenrobot.eventbus.util.ErrorDialogManager$HoneycombManagerFragment	onPause()	164	0	[]	false	public	false	file:///private/tmp/projects/EventBus/EventBus/src/org/greenrobot/eventbus/util/ErrorDialogManager.java
165	org.greenrobot.eventbus.util.ErrorDialogManager$HoneycombManagerFragment	onEventMainThread(org.greenrobot.eventbus.util.ThrowableFailureEvent)	0	1	[false]	false	public	false	file:///private/tmp/projects/EventBus/EventBus/src/org/greenrobot/eventbus/util/ErrorDialogManager.java
166	org.greenrobot.eventbus.util.ErrorDialogManager$HoneycombManagerFragment	attachTo(android.app.Activity,java.lang.Object,boolean,android.os.Bundle)	0	4	[false, false, false, true]	false	public	false	file:///private/tmp/projects/EventBus/EventBus/src/org/greenrobot/eventbus/util/ErrorDialogManager.java
167	org.greenrobot.eventbus.util.ErrorDialogManager	attachTo(android.app.Activity)	0	1	[false]	false	public	false	file:///private/tmp/projects/EventBus/EventBus/src/org/greenrobot/eventbus/util/ErrorDialogManager.java
168	org.greenrobot.eventbus.util.ErrorDialogManager	attachTo(android.app.Activity,boolean)	0	2	[false, false]	false	public	false	file:///private/tmp/projects/EventBus/EventBus/src/org/greenrobot/eventbus/util/ErrorDialogManager.java
169	org.greenrobot.eventbus.util.ErrorDialogManager	attachTo(android.app.Activity,boolean,android.os.Bundle)	0	3	[false, false, true]	false	public	false	file:///private/tmp/projects/EventBus/EventBus/src/org/greenrobot/eventbus/util/ErrorDialogManager.java
170	org.greenrobot.eventbus.util.ErrorDialogManager	attachTo(android.app.Activity,java.lang.Object,boolean,android.os.Bundle)	0	4	[false, false, false, true]	false	public	false	file:///private/tmp/projects/EventBus/EventBus/src/org/greenrobot/eventbus/util/ErrorDialogManager.java
171	org.greenrobot.eventbus.util.ErrorDialogManager	isSupportActivity(android.app.Activity)	0	1	[false]	false	private	false	file:///private/tmp/projects/EventBus/EventBus/src/org/greenrobot/eventbus/util/ErrorDialogManager.java
172	org.greenrobot.eventbus.util.ErrorDialogManager	checkLogException(org.greenrobot.eventbus.util.ThrowableFailureEvent)	0	1	[false]	false	protected	false	file:///private/tmp/projects/EventBus/EventBus/src/org/greenrobot/eventbus/util/ErrorDialogManager.java
173	org.greenrobot.eventbus.util.ErrorDialogManager	isInExecutionScope(java.lang.Object,org.greenrobot.eventbus.util.ThrowableFailureEvent)	0	2	[true, false]	false	private	false	file:///private/tmp/projects/EventBus/EventBus/src/org/greenrobot/eventbus/util/ErrorDialogManager.java
174	org.greenrobot.eventbus.util.ErrorDialogFragments	createDialog(android.content.Context,android.os.Bundle,android.content.DialogInterface.OnClickListener)	0	3	[false, false, false]	false	public	true	file:///private/tmp/projects/EventBus/EventBus/src/org/greenrobot/eventbus/util/ErrorDialogFragments.java
175	org.greenrobot.eventbus.util.ErrorDialogFragments	handleOnClick(android.content.DialogInterface,int,android.app.Activity,android.os.Bundle)	0	4	[false, false, false, false]	false	public	false	file:///private/tmp/projects/EventBus/EventBus/src/org/greenrobot/eventbus/util/ErrorDialogFragments.java
176	org.greenrobot.eventbus.util.ErrorDialogFragments$Honeycomb	onCreateDialog(android.os.Bundle)	177	1	[false]	false	public	true	file:///private/tmp/projects/EventBus/EventBus/src/org/greenrobot/eventbus/util/ErrorDialogFragments.java
178	org.greenrobot.eventbus.util.ErrorDialogFragments$Honeycomb	onClick(android.content.DialogInterface,int)	179	2	[false, false]	false	public	false	file:///private/tmp/projects/EventBus/EventBus/src/org/greenrobot/eventbus/util/ErrorDialogFragments.java
180	org.greenrobot.eventbus.util.ErrorDialogFragments$Support	onCreateDialog(android.os.Bundle)	181	1	[false]	false	public	true	file:///private/tmp/projects/EventBus/EventBus/src/org/greenrobot/eventbus/util/ErrorDialogFragments.java
182	org.greenrobot.eventbus.util.ErrorDialogFragments$Support	onClick(android.content.DialogInterface,int)	179	2	[false, false]	false	public	false	file:///private/tmp/projects/EventBus/EventBus/src/org/greenrobot/eventbus/util/ErrorDialogFragments.java
183	org.greenrobot.eventbus.Subscribe	threadMode()	0	0	[]	false	public	true	file:///private/tmp/projects/EventBus/EventBus/src/org/greenrobot/eventbus/Subscribe.java
184	org.greenrobot.eventbus.Subscribe	sticky()	0	0	[]	false	public	false	file:///private/tmp/projects/EventBus/EventBus/src/org/greenrobot/eventbus/Subscribe.java
185	org.greenrobot.eventbus.Subscribe	priority()	0	0	[]	false	public	false	file:///private/tmp/projects/EventBus/EventBus/src/org/greenrobot/eventbus/Subscribe.java
186	org.greenrobot.eventbus.meta.SimpleSubscriberInfo	SimpleSubscriberInfo(java.lang.Class,boolean,org.greenrobot.eventbus.meta.SubscriberMethodInfo[])	0	3	[false, false, false]	false	public	false	file:///private/tmp/projects/EventBus/EventBus/src/org/greenrobot/eventbus/meta/SimpleSubscriberInfo.java
187	org.greenrobot.eventbus.meta.SimpleSubscriberInfo	getSubscriberMethods()	104	0	[]	false	public	true	file:///private/tmp/projects/EventBus/EventBus/src/org/greenrobot/eventbus/meta/SimpleSubscriberInfo.java
188	org.greenrobot.eventbus.meta.AbstractSubscriberInfo	AbstractSubscriberInfo(java.lang.Class,java.lang.Class<? extends org.greenrobot.eventbus.meta.SubscriberInfo>,boolean)	0	3	[false, true, false]	false	protected	false	file:///private/tmp/projects/EventBus/EventBus/src/org/greenrobot/eventbus/meta/AbstractSubscriberInfo.java
189	org.greenrobot.eventbus.meta.AbstractSubscriberInfo	getSubscriberClass()	103	0	[]	false	public	true	file:///private/tmp/projects/EventBus/EventBus/src/org/greenrobot/eventbus/meta/AbstractSubscriberInfo.java
190	org.greenrobot.eventbus.meta.AbstractSubscriberInfo	getSuperSubscriberInfo()	105	0	[]	true	public	true	file:///private/tmp/projects/EventBus/EventBus/src/org/greenrobot/eventbus/meta/AbstractSubscriberInfo.java
191	org.greenrobot.eventbus.meta.AbstractSubscriberInfo	shouldCheckSuperclass()	106	0	[]	false	public	false	file:///private/tmp/projects/EventBus/EventBus/src/org/greenrobot/eventbus/meta/AbstractSubscriberInfo.java
192	org.greenrobot.eventbus.meta.AbstractSubscriberInfo	createSubscriberMethod(java.lang.String,java.lang.Class<?>)	0	2	[false, false]	false	protected	true	file:///private/tmp/projects/EventBus/EventBus/src/org/greenrobot/eventbus/meta/AbstractSubscriberInfo.java
193	org.greenrobot.eventbus.meta.AbstractSubscriberInfo	createSubscriberMethod(java.lang.String,java.lang.Class<?>,org.greenrobot.eventbus.ThreadMode)	0	3	[false, false, false]	false	protected	true	file:///private/tmp/projects/EventBus/EventBus/src/org/greenrobot/eventbus/meta/AbstractSubscriberInfo.java
194	org.greenrobot.eventbus.meta.AbstractSubscriberInfo	createSubscriberMethod(java.lang.String,java.lang.Class<?>,org.greenrobot.eventbus.ThreadMode,int,boolean)	0	5	[false, false, false, false, false]	false	protected	true	file:///private/tmp/projects/EventBus/EventBus/src/org/greenrobot/eventbus/meta/AbstractSubscriberInfo.java
195	org.greenrobot.eventbus.meta.SubscriberMethodInfo	SubscriberMethodInfo(java.lang.String,java.lang.Class<?>,org.greenrobot.eventbus.ThreadMode,int,boolean)	0	5	[false, false, false, false, false]	false	public	false	file:///private/tmp/projects/EventBus/EventBus/src/org/greenrobot/eventbus/meta/SubscriberMethodInfo.java
196	org.greenrobot.eventbus.meta.SubscriberMethodInfo	SubscriberMethodInfo(java.lang.String,java.lang.Class<?>)	0	2	[false, false]	false	public	false	file:///private/tmp/projects/EventBus/EventBus/src/org/greenrobot/eventbus/meta/SubscriberMethodInfo.java
197	org.greenrobot.eventbus.meta.SubscriberMethodInfo	SubscriberMethodInfo(java.lang.String,java.lang.Class<?>,org.greenrobot.eventbus.ThreadMode)	0	3	[false, false, false]	false	public	false	file:///private/tmp/projects/EventBus/EventBus/src/org/greenrobot/eventbus/meta/SubscriberMethodInfo.java
198	org.greenrobot.eventbus.android.AndroidLogger	isAndroidLogAvailable()	0	0	[]	false	public	false	file:///private/tmp/projects/EventBus/EventBus/src/org/greenrobot/eventbus/android/AndroidLogger.java
199	org.greenrobot.eventbus.android.AndroidLogger	AndroidLogger(java.lang.String)	0	1	[false]	false	public	false	file:///private/tmp/projects/EventBus/EventBus/src/org/greenrobot/eventbus/android/AndroidLogger.java
200	org.greenrobot.eventbus.android.AndroidLogger	log(java.util.logging.Level,java.lang.String)	90	2	[false, false]	false	public	false	file:///private/tmp/projects/EventBus/EventBus/src/org/greenrobot/eventbus/android/AndroidLogger.java
201	org.greenrobot.eventbus.android.AndroidLogger	log(java.util.logging.Level,java.lang.String,java.lang.Throwable)	91	3	[false, false, false]	false	public	false	file:///private/tmp/projects/EventBus/EventBus/src/org/greenrobot/eventbus/android/AndroidLogger.java
202	org.greenrobot.eventbus.android.AndroidLogger	mapLevel(java.util.logging.Level)	0	1	[false]	false	private	false	file:///private/tmp/projects/EventBus/EventBus/src/org/greenrobot/eventbus/android/AndroidLogger.java
203	org.greenrobot.eventbus.EventBusException	EventBusException(java.lang.String)	0	1	[false]	false	public	false	file:///private/tmp/projects/EventBus/EventBus/src/org/greenrobot/eventbus/EventBusException.java
204	org.greenrobot.eventbus.EventBusException	EventBusException(java.lang.Throwable)	0	1	[false]	false	public	false	file:///private/tmp/projects/EventBus/EventBus/src/org/greenrobot/eventbus/EventBusException.java
205	org.greenrobot.eventbus.EventBusException	EventBusException(java.lang.String,java.lang.Throwable)	0	2	[false, false]	false	public	false	file:///private/tmp/projects/EventBus/EventBus/src/org/greenrobot/eventbus/EventBusException.java
206	org.greenrobot.eventbus.NoSubscriberEvent	NoSubscriberEvent(org.greenrobot.eventbus.EventBus,java.lang.Object)	0	2	[false, false]	false	public	false	file:///private/tmp/projects/EventBus/EventBus/src/org/greenrobot/eventbus/NoSubscriberEvent.java
207	org.greenrobot.eventbus.HandlerPoster	HandlerPoster(org.greenrobot.eventbus.EventBus,android.os.Looper,int)	0	3	[false, false, false]	false	protected	false	file:///private/tmp/projects/EventBus/EventBus/src/org/greenrobot/eventbus/HandlerPoster.java
208	org.greenrobot.eventbus.HandlerPoster	enqueue(org.greenrobot.eventbus.Subscription,java.lang.Object)	1	2	[false, false]	false	public	false	file:///private/tmp/projects/EventBus/EventBus/src/org/greenrobot/eventbus/HandlerPoster.java
209	org.greenrobot.eventbus.HandlerPoster	handleMessage(android.os.Message)	210	1	[false]	false	public	false	file:///private/tmp/projects/EventBus/EventBus/src/org/greenrobot/eventbus/HandlerPoster.java
